time,discipline,value
-12,Role13_L12,0.002280237871005652
-12,Role13_L34,0.004104428167810174
-12,Role13_L56,0.0018241902968045218
-12,Role13_L78,9.120951484022609e-4
-12,Role14_L12,0.0028502973387570653
-12,Role14_L34,0.005130535209762718
-12,Role14_L56,0.002280237871005652
-12,Role14_L78,0.001140118935502826
-12,Role15_L12,0.0034203568065084783
-12,Role15_L34,0.006156642251715261
-12,Role15_L56,0.0027362854452067827
-12,Role15_L78,0.0013681427226033913
-11,Role13_L12,0.007201116211363614
-11,Role13_L34,0.012962009180454506
-11,Role13_L56,0.005760892969090892
-11,Role13_L78,0.002880446484545446
-11,Role14_L12,0.009001395264204518
-11,Role14_L34,0.016202511475568133
-11,Role14_L56,0.007201116211363614
-11,Role14_L78,0.003600558105681807
-11,Role15_L12,0.010801674317045422
-11,Role15_L34,0.01944301377068176
-11,Role15_L56,0.008641339453636338
-11,Role15_L78,0.004320669726818169
-10,Role13_L12,0.02273937420799348
-10,Role13_L34,0.040930873574388266
-10,Role13_L56,0.018191499366394782
-10,Role13_L78,0.009095749683197391
-10,Role14_L12,0.02842421775999185
-10,Role14_L34,0.05116359196798533
-10,Role14_L56,0.02273937420799348
-10,Role14_L78,0.01136968710399674
-10,Role15_L12,0.034109061311990214
-10,Role15_L34,0.061396310361582385
-10,Role15_L56,0.02728724904959217
-10,Role15_L78,0.013643624524796085
-9,Role13_L12,0.07178402990662568
-9,Role13_L34,0.12921125383192622
-9,Role13_L56,0.057427223925300544
-9,Role13_L78,0.028713611962650272
-9,Role14_L12,0.0897300373832821
-9,Role14_L34,0.16151406728990778
-9,Role14_L56,0.07178402990662568
-9,Role14_L78,0.03589201495331284
-9,Role15_L12,0.10767604485993852
-9,Role15_L34,0.19381688074788933
-9,Role15_L56,0.08614083588795081
-9,Role15_L78,0.043070417943975405
-8,Role13_L12,0.22639618253092617
-8,Role13_L34,0.40751312855566707
-8,Role13_L56,0.18111694602474093
-8,Role13_L78,0.09055847301237047
-8,Role14_L12,0.2829952281636577
-8,Role14_L34,0.5093914106945838
-8,Role14_L56,0.22639618253092614
-8,Role14_L78,0.11319809126546307
-8,Role15_L12,0.33959427379638923
-8,Role15_L34,0.6112696928335006
-8,Role15_L56,0.2716754190371114
-8,Role15_L78,0.1358377095185557
-7,Role13_L12,0.7119122361065656
-7,Role13_L34,1.281442024991818
-7,Role13_L56,0.5695297888852525
-7,Role13_L78,0.28476489444262626
-7,Role14_L12,0.8898902951332068
-7,Role14_L34,1.6018025312397726
-7,Role14_L56,0.7119122361065655
-7,Role14_L78,0.35595611805328276
-7,Role15_L12,1.0678683541598484
-7,Role15_L34,1.922163037487727
-7,Role15_L56,0.8542946833278787
-7,Role15_L78,0.42714734166393936
-6,Role13_L12,2.2180767399981134
-6,Role13_L34,3.992538131996604
-6,Role13_L56,1.7744613919984908
-6,Role13_L78,0.8872306959992454
-6,Role14_L12,2.7725959249976415
-6,Role14_L34,4.9906726649957545
-6,Role14_L56,2.2180767399981134
-6,Role14_L78,1.1090383699990567
-6,Role15_L12,3.3271151099971696
-6,Role15_L34,5.988807197994905
-6,Role15_L56,2.6616920879977357
-6,Role15_L78,1.3308460439988679
-5,Role13_L12,6.719324297023826
-5,Role13_L34,12.094783734642888
-5,Role13_L56,5.37545943761906
-5,Role13_L78,2.68772971880953
-5,Role14_L12,8.399155371279782
-5,Role14_L34,15.118479668303607
-5,Role14_L56,6.719324297023826
-5,Role14_L78,3.359662148511913
-5,Role15_L12,10.078986445535739
-5,Role15_L34,18.14217560196433
-5,Role15_L56,8.06318915642859
-5,Role15_L78,4.031594578214295
-4,Role13_L12,18.798778192116924
-4,Role13_L34,33.83780074581046
-4,Role13_L56,15.03902255369354
-4,Role13_L78,7.51951127684677
-4,Role14_L12,23.498472740146152
-4,Role14_L34,42.297250932263076
-4,Role14_L56,18.798778192116924
-4,Role14_L78,9.399389096058462
-4,Role15_L12,28.198167288175384
-4,Role15_L34,50.75670111871568
-4,Role15_L56,22.558533830540306
-4,Role15_L78,11.279266915270153
-3,Role13_L12,43.6393139886539
-3,Role13_L34,78.55076517957703
-3,Role13_L56,34.911451190923124
-3,Role13_L78,17.455725595461562
-3,Role14_L12,54.54914248581738
-3,Role14_L34,98.18845647447128
-3,Role14_L56,43.6393139886539
-3,Role14_L78,21.81965699432695
-3,Role15_L12,65.45897098298084
-3,Role15_L34,117.82614776936552
-3,Role15_L56,52.36717678638468
-3,Role15_L78,26.18358839319234
-2,Role13_L12,75.03333333333335
-2,Role13_L34,135.06000000000003
-2,Role13_L56,60.02666666666668
-2,Role13_L78,30.01333333333334
-2,Role14_L12,93.79166666666669
-2,Role14_L34,168.825
-2,Role14_L56,75.03333333333335
-2,Role14_L78,37.51666666666667
-2,Role15_L12,112.55
-2,Role15_L34,202.59
-2,Role15_L56,90.04
-2,Role15_L78,45.02
-1,Role13_L12,97.16672159198068
-1,Role13_L34,174.90009886556524
-1,Role13_L56,77.73337727358454
-1,Role13_L78,38.86668863679227
-1,Role14_L12,121.45840198997584
-1,Role14_L34,218.6251235819565
-1,Role14_L56,97.16672159198068
-1,Role14_L78,48.58336079599034
-1,Role15_L12,145.750082387971
-1,Role15_L34,262.3501482983478
-1,Role15_L56,116.6000659103768
-1,Role15_L78,58.3000329551884
0,Role13_L12,107.17726563693458
0,Role13_L34,192.91907814648224
0,Role13_L56,85.74181250954767
0,Role13_L78,42.870906254773836
0,Role14_L12,133.9715820461682
0,Role14_L34,241.14884768310276
0,Role14_L56,107.17726563693458
0,Role14_L78,53.58863281846729
0,Role15_L12,160.76589845540184
0,Role15_L34,289.3786172197233
0,Role15_L56,128.61271876432147
0,Role15_L78,64.30635938216074
1,Role13_L12,110.79142780947672
1,Role13_L34,199.42457005705808
1,Role13_L56,88.63314224758138
1,Role13_L78,44.31657112379069
1,Role14_L12,138.48928476184588
1,Role14_L34,249.2807125713226
1,Role14_L56,110.7914278094767
1,Role14_L78,55.39571390473835
1,Role15_L12,166.18714171421504
1,Role15_L34,299.13685508558706
1,Role15_L56,132.94971337137204
1,Role15_L78,66.47485668568602
2,Role13_L12,111.98716172242922
2,Role13_L34,201.5768911003726
2,Role13_L56,89.58972937794337
2,Role13_L78,44.794864688971685
2,Role14_L12,139.9839521530365
2,Role14_L34,251.9711138754657
2,Role14_L56,111.9871617224292
2,Role14_L78,55.9935808612146
2,Role15_L12,167.9807425836438
2,Role15_L34,302.36533665055885
2,Role15_L56,134.38459406691504
2,Role15_L78,67.19229703345752
3,Role13_L12,112.37117359330301
3,Role13_L34,202.26811246794543
3,Role13_L56,89.8969388746424
3,Role13_L78,44.9484694373212
3,Role14_L12,140.46396699162875
3,Role14_L34,252.83514058493176
3,Role14_L56,112.371173593303
3,Role14_L78,56.1855867966515
3,Role15_L12,168.55676038995452
3,Role15_L34,303.4021687019181
3,Role15_L56,134.84540831196358
3,Role15_L78,67.42270415598179
4,Role13_L12,112.49331543791817
4,Role13_L34,202.48796778825272
4,Role13_L56,89.99465235033455
4,Role13_L78,44.997326175167274
4,Role14_L12,140.6166442973977
4,Role14_L34,253.10995973531587
4,Role14_L56,112.49331543791816
4,Role14_L78,56.24665771895908
4,Role15_L12,168.73997315687723
4,Role15_L34,303.731951682379
4,Role15_L56,134.9919785255018
4,Role15_L78,67.4959892627509
5,Role13_L12,112.53204540398544
5,Role13_L34,202.55768172717376
5,Role13_L56,90.02563632318834
5,Role13_L78,45.01281816159417
5,Role14_L12,140.66505675498178
5,Role14_L34,253.1971021589672
5,Role14_L56,112.53204540398544
5,Role14_L78,56.26602270199272
5,Role15_L12,168.79806810597813
5,Role15_L34,303.83652259076064
5,Role15_L56,135.0384544847825
5,Role15_L78,67.51922724239125
6,Role13_L12,112.54431429490174
6,Role13_L34,202.57976573082314
6,Role13_L56,90.03545143592139
6,Role13_L78,45.017725717960694
6,Role14_L12,140.68039286862717
6,Role14_L34,253.2247071635289
6,Role14_L56,112.54431429490174
6,Role14_L78,56.27215714745087
6,Role15_L12,168.8164714423526
6,Role15_L34,303.86964859623464
6,Role15_L56,135.05317715388207
6,Role15_L78,67.52658857694104
7,Role13_L12,112.54819963455462
7,Role13_L34,202.58675934219832
7,Role13_L56,90.03855970764369
7,Role13_L78,45.01927985382184
7,Role14_L12,140.68524954319327
7,Role14_L34,253.23344917774787
7,Role14_L56,112.54819963455462
7,Role14_L78,56.27409981727731
7,Role15_L12,168.82229945183192
7,Role15_L34,303.8801390132974
7,Role15_L56,135.05783956146553
7,Role15_L78,67.52891978073276
8,Role13_L12,112.54942993187018
8,Role13_L34,202.58897387736633
8,Role13_L56,90.03954394549615
8,Role13_L78,45.019771972748075
8,Role14_L12,140.6867874148377
8,Role14_L34,253.2362173467079
8,Role14_L56,112.54942993187016
8,Role14_L78,56.27471496593508
8,Role15_L12,168.82414489780524
8,Role15_L34,303.8834608160494
8,Role15_L56,135.05931591824418
8,Role15_L78,67.52965795912209
9,Role13_L12,112.54981949484427
9,Role13_L34,202.58967509071968
9,Role13_L56,90.03985559587541
9,Role13_L78,45.019927797937704
9,Role14_L12,140.68727436855534
9,Role14_L34,253.2370938633996
9,Role14_L56,112.54981949484427
9,Role14_L78,56.274909747422136
9,Role15_L12,168.82472924226641
9,Role15_L34,303.8845126360795
9,Role15_L56,135.0597833938131
9,Role15_L78,67.52989169690655
10,Role13_L12,112.54994284536798
10,Role13_L34,202.5898971216624
10,Role13_L56,90.0399542762944
10,Role13_L78,45.0199771381472
10,Role14_L12,140.68742855671
10,Role14_L34,253.237371402078
10,Role14_L56,112.54994284536798
10,Role14_L78,56.27497142268399
10,Role15_L12,168.82491426805197
10,Role15_L34,303.88484568249356
10,Role15_L56,135.0599314144416
10,Role15_L78,67.5299657072208
11,Role13_L12,112.54998190273567
11,Role13_L34,202.58996742492423
11,Role13_L56,90.03998552218854
11,Role13_L78,45.01999276109427
11,Role14_L12,140.6874773784196
11,Role14_L34,253.23745928115528
11,Role14_L56,112.54998190273567
11,Role14_L78,56.27499095136783
11,Role15_L12,168.82497285410352
11,Role15_L34,303.88495113738634
11,Role15_L56,135.05997828328282
11,Role15_L78,67.52998914164141
12,Role13_L12,112.54999426974007
12,Role13_L34,202.58998968553212
12,Role13_L56,90.03999541579205
12,Role13_L78,45.019997707896025
12,Role14_L12,140.68749283717509
12,Role14_L34,253.23748710691515
12,Role14_L56,112.54999426974007
12,Role14_L78,56.274997134870034
12,Role15_L12,168.82499140461013
12,Role15_L34,303.8849845282982
12,Role15_L56,135.05999312368806
12,Role15_L78,67.52999656184403
13,Role13_L12,112.54999818558896
13,Role13_L34,202.58999673406012
13,Role13_L56,90.03999854847116
13,Role13_L78,45.01999927423558
13,Role14_L12,140.68749773198618
13,Role14_L34,253.23749591757513
13,Role14_L56,112.54999818558896
13,Role14_L78,56.27499909279448
13,Role15_L12,168.82499727838342
13,Role15_L34,303.88499510109017
13,Role15_L56,135.05999782270675
13,Role15_L78,67.52999891135337
14,Role13_L12,112.54999942549074
14,Role13_L34,202.58999896588332
14,Role13_L56,90.0399995403926
14,Role13_L78,45.0199997701963
14,Role14_L12,140.6874992818634
14,Role14_L34,253.23749870735412
14,Role14_L56,112.54999942549074
14,Role14_L78,56.27499971274537
14,Role15_L12,168.82499913823608
14,Role15_L34,303.88499844882494
14,Role15_L56,135.05999931058886
14,Role15_L78,67.52999965529443
15,Role13_L12,112.54999981808925
15,Role13_L34,202.58999967256065
15,Role13_L56,90.03999985447139
15,Role13_L78,45.019999927235695
15,Role14_L12,140.68749977261155
15,Role14_L34,253.2374995907008
15,Role14_L56,112.54999981808923
15,Role14_L78,56.27499990904462
15,Role15_L12,168.82499972713384
15,Role15_L34,303.8849995088409
15,Role15_L56,135.0599997817071
15,Role15_L78,67.52999989085355
16,Role13_L12,112.54999994240035
16,Role13_L34,202.58999989632065
16,Role13_L56,90.03999995392029
16,Role13_L78,45.01999997696014
16,Role14_L12,140.68749992800045
16,Role14_L34,253.23749987040082
16,Role14_L56,112.54999994240035
16,Role14_L78,56.274999971200174
16,Role15_L12,168.82499991360052
16,Role15_L34,303.88499984448094
16,Role15_L56,135.05999993088042
16,Role15_L78,67.52999996544021
17,Role13_L12,112.54999998176184
17,Role13_L34,202.5899999671713
17,Role13_L56,90.03999998540947
17,Role13_L78,45.01999999270473
17,Role14_L12,140.6874999772023
17,Role14_L34,253.23749995896415
17,Role14_L56,112.54999998176183
17,Role14_L78,56.274999990880914
17,Role15_L12,168.82499997264276
17,Role15_L34,303.884999950757
17,Role15_L56,135.0599999781142
17,Role15_L78,67.5299999890571
18,Role13_L12,112.5499999942251
18,Role13_L34,202.5899999896052
18,Role13_L56,90.0399999953801
18,Role13_L78,45.01999999769005
18,Role14_L12,140.6874999927814
18,Role14_L34,253.23749998700652
18,Role14_L56,112.5499999942251
18,Role14_L78,56.27499999711255
18,Role15_L12,168.82499999133768
18,Role15_L34,303.8849999844078
18,Role15_L56,135.05999999307014
18,Role15_L78,67.52999999653507
19,Role13_L12,112.54999999817147
19,Role13_L34,202.58999999670868
19,Role13_L56,90.03999999853718
19,Role13_L78,45.01999999926859
19,Role14_L12,140.68749999771435
19,Role14_L34,253.23749999588586
19,Role14_L56,112.54999999817147
19,Role14_L78,56.274999999085736
19,Role15_L12,168.8249999972572
19,Role15_L34,303.88499999506297
19,Role15_L56,135.05999999780576
19,Role15_L78,67.52999999890288
20,Role13_L12,112.54999999942102
20,Role13_L34,202.58999999895784
20,Role13_L56,90.03999999953682
20,Role13_L78,45.01999999976841
20,Role14_L12,140.68749999927627
20,Role14_L34,253.23749999869727
20,Role14_L56,112.54999999942102
20,Role14_L78,56.27499999971051
20,Role15_L12,168.8249999991315
20,Role15_L34,303.88499999843674
20,Role15_L56,135.0599999993052
20,Role15_L78,67.5299999996526
21,Role13_L12,112.54999999981668
21,Role13_L34,202.58999999967003
21,Role13_L56,90.03999999985334
21,Role13_L78,45.01999999992667
21,Role14_L12,140.68749999977084
21,Role14_L34,253.2374999995875
21,Role14_L56,112.54999999981666
21,Role14_L78,56.27499999990833
21,Role15_L12,168.824999999725
21,Role15_L34,303.884999999505
21,Role15_L56,135.05999999978002
21,Role15_L78,67.52999999989001
22,Role13_L12,112.54999999994196
22,Role13_L34,202.58999999989553
22,Role13_L56,90.03999999995357
22,Role13_L78,45.01999999997678
22,Role14_L12,140.68749999992744
22,Role14_L34,253.23749999986939
22,Role14_L56,112.54999999994196
22,Role14_L78,56.27499999997098
22,Role15_L12,168.82499999991293
22,Role15_L34,303.8849999998433
22,Role15_L56,135.05999999993034
22,Role15_L78,67.52999999996517
23,Role13_L12,112.54999999998162
23,Role13_L34,202.58999999996692
23,Role13_L56,90.0399999999853
23,Role13_L78,45.01999999999265
23,Role14_L12,140.68749999997704
23,Role14_L34,253.2374999999587
23,Role14_L56,112.54999999998162
23,Role14_L78,56.27499999999081
23,Role15_L12,168.82499999997245
23,Role15_L34,303.8849999999504
23,Role15_L56,135.05999999997795
23,Role15_L78,67.52999999998897
24,Role13_L12,112.54999999999418
24,Role13_L34,202.58999999998952
24,Role13_L56,90.03999999999535
24,Role13_L78,45.01999999999767
24,Role14_L12,140.68749999999272
24,Role14_L34,253.2374999999869
24,Role14_L56,112.54999999999418
24,Role14_L78,56.27499999999709
24,Role15_L12,168.82499999999126
24,Role15_L34,303.8849999999843
24,Role15_L56,135.059999999993
24,Role15_L78,67.5299999999965
25,Role13_L12,112.54999999999816
25,Role13_L34,202.58999999999668
25,Role13_L56,90.03999999999853
25,Role13_L78,45.019999999999264
25,Role14_L12,140.6874999999977
25,Role14_L34,253.23749999999586
25,Role14_L56,112.54999999999816
25,Role14_L78,56.27499999999908
25,Role15_L12,168.82499999999723
25,Role15_L34,303.884999999995
25,Role15_L56,135.05999999999779
25,Role15_L78,67.52999999999889
26,Role13_L12,112.54999999999944
26,Role13_L34,202.58999999999898
26,Role13_L56,90.03999999999957
26,Role13_L78,45.01999999999978
26,Role14_L12,140.6874999999993
26,Role14_L34,253.23749999999873
26,Role14_L56,112.54999999999944
26,Role14_L78,56.27499999999972
26,Role15_L12,168.82499999999914
26,Role15_L34,303.88499999999846
26,Role15_L56,135.05999999999932
26,Role15_L78,67.52999999999966
27,Role13_L12,112.54999999999981
27,Role13_L34,202.58999999999966
27,Role13_L56,90.03999999999985
27,Role13_L78,45.019999999999925
27,Role14_L12,140.68749999999977
27,Role14_L34,253.2374999999996
27,Role14_L56,112.54999999999981
27,Role14_L78,56.274999999999906
27,Role15_L12,168.82499999999973
27,Role15_L34,303.88499999999954
27,Role15_L56,135.05999999999977
27,Role15_L78,67.52999999999989
28,Role13_L12,112.54999999999997
28,Role13_L34,202.58999999999992
28,Role13_L56,90.03999999999996
28,Role13_L78,45.01999999999998
28,Role14_L12,140.68749999999994
28,Role14_L34,253.2374999999999
28,Role14_L56,112.54999999999997
28,Role14_L78,56.274999999999984
28,Role15_L12,168.82499999999993
28,Role15_L34,303.8849999999999
28,Role15_L56,135.05999999999995
28,Role15_L78,67.52999999999997
29,Role13_L12,112.54999999999998
29,Role13_L34,202.58999999999997
29,Role13_L56,90.03999999999998
29,Role13_L78,45.01999999999999
29,Role14_L12,140.68749999999997
29,Role14_L34,253.23749999999995
29,Role14_L56,112.54999999999998
29,Role14_L78,56.27499999999999
29,Role15_L12,168.82499999999996
29,Role15_L34,303.88499999999993
29,Role15_L56,135.05999999999997
29,Role15_L78,67.52999999999999
30,Role13_L12,112.55000000000001
30,Role13_L34,202.59000000000003
30,Role13_L56,90.04
30,Role13_L78,45.02
30,Role14_L12,140.6875
30,Role14_L34,253.2375
30,Role14_L56,112.55
30,Role14_L78,56.275
30,Role15_L12,168.825
30,Role15_L34,303.885
30,Role15_L56,135.06
30,Role15_L78,67.53
31,Role13_L12,112.55000000000001
31,Role13_L34,202.59000000000003
31,Role13_L56,90.04
31,Role13_L78,45.02
31,Role14_L12,140.6875
31,Role14_L34,253.2375
31,Role14_L56,112.55
31,Role14_L78,56.275
31,Role15_L12,168.825
31,Role15_L34,303.885
31,Role15_L56,135.06
31,Role15_L78,67.53
32,Role13_L12,112.55000000000001
32,Role13_L34,202.59000000000003
32,Role13_L56,90.04
32,Role13_L78,45.02
32,Role14_L12,140.6875
32,Role14_L34,253.2375
32,Role14_L56,112.55
32,Role14_L78,56.275
32,Role15_L12,168.825
32,Role15_L34,303.885
32,Role15_L56,135.06
32,Role15_L78,67.53
33,Role13_L12,112.55000000000001
33,Role13_L34,202.59000000000003
33,Role13_L56,90.04
33,Role13_L78,45.02
33,Role14_L12,140.6875
33,Role14_L34,253.2375
33,Role14_L56,112.55
33,Role14_L78,56.275
33,Role15_L12,168.825
33,Role15_L34,303.885
33,Role15_L56,135.06
33,Role15_L78,67.53
34,Role13_L12,112.55000000000001
34,Role13_L34,202.59000000000003
34,Role13_L56,90.04
34,Role13_L78,45.02
34,Role14_L12,140.6875
34,Role14_L34,253.2375
34,Role14_L56,112.55
34,Role14_L78,56.275
34,Role15_L12,168.825
34,Role15_L34,303.885
34,Role15_L56,135.06
34,Role15_L78,67.53
35,Role13_L12,112.55000000000001
35,Role13_L34,202.59000000000003
35,Role13_L56,90.04
35,Role13_L78,45.02
35,Role14_L12,140.6875
35,Role14_L34,253.2375
35,Role14_L56,112.55
35,Role14_L78,56.275
35,Role15_L12,168.825
35,Role15_L34,303.885
35,Role15_L56,135.06
35,Role15_L78,67.53
36,Role13_L12,112.55000000000001
36,Role13_L34,202.59000000000003
36,Role13_L56,90.04
36,Role13_L78,45.02
36,Role14_L12,140.6875
36,Role14_L34,253.2375
36,Role14_L56,112.55
36,Role14_L78,56.275
36,Role15_L12,168.825
36,Role15_L34,303.885
36,Role15_L56,135.06
36,Role15_L78,67.53
37,Role13_L12,112.55000000000001
37,Role13_L34,202.59000000000003
37,Role13_L56,90.04
37,Role13_L78,45.02
37,Role14_L12,140.6875
37,Role14_L34,253.2375
37,Role14_L56,112.55
37,Role14_L78,56.275
37,Role15_L12,168.825
37,Role15_L34,303.885
37,Role15_L56,135.06
37,Role15_L78,67.53
38,Role13_L12,112.55000000000001
38,Role13_L34,202.59000000000003
38,Role13_L56,90.04
38,Role13_L78,45.02
38,Role14_L12,140.6875
38,Role14_L34,253.2375
38,Role14_L56,112.55
38,Role14_L78,56.275
38,Role15_L12,168.825
38,Role15_L34,303.885
38,Role15_L56,135.06
38,Role15_L78,67.53
39,Role13_L12,112.55000000000001
39,Role13_L34,202.59000000000003
39,Role13_L56,90.04
39,Role13_L78,45.02
39,Role14_L12,140.6875
39,Role14_L34,253.2375
39,Role14_L56,112.55
39,Role14_L78,56.275
39,Role15_L12,168.825
39,Role15_L34,303.885
39,Role15_L56,135.06
39,Role15_L78,67.53
40,Role13_L12,112.55000000000001
40,Role13_L34,202.59000000000003
40,Role13_L56,90.04
40,Role13_L78,45.02
40,Role14_L12,140.6875
40,Role14_L34,253.2375
40,Role14_L56,112.55
40,Role14_L78,56.275
40,Role15_L12,168.825
40,Role15_L34,303.885
40,Role15_L56,135.06
40,Role15_L78,67.53
41,Role13_L12,112.55000000000001
41,Role13_L34,202.59000000000003
41,Role13_L56,90.04
41,Role13_L78,45.02
41,Role14_L12,140.6875
41,Role14_L34,253.2375
41,Role14_L56,112.55
41,Role14_L78,56.275
41,Role15_L12,168.825
41,Role15_L34,303.885
41,Role15_L56,135.06
41,Role15_L78,67.53
42,Role13_L12,112.55000000000001
42,Role13_L34,202.59000000000003
42,Role13_L56,90.04
42,Role13_L78,45.02
42,Role14_L12,140.6875
42,Role14_L34,253.2375
42,Role14_L56,112.55
42,Role14_L78,56.275
42,Role15_L12,168.825
42,Role15_L34,303.885
42,Role15_L56,135.06
42,Role15_L78,67.53
43,Role13_L12,112.55000000000001
43,Role13_L34,202.59000000000003
43,Role13_L56,90.04
43,Role13_L78,45.02
43,Role14_L12,140.6875
43,Role14_L34,253.2375
43,Role14_L56,112.55
43,Role14_L78,56.275
43,Role15_L12,168.825
43,Role15_L34,303.885
43,Role15_L56,135.06
43,Role15_L78,67.53
44,Role13_L12,112.55000000000001
44,Role13_L34,202.59000000000003
44,Role13_L56,90.04
44,Role13_L78,45.02
44,Role14_L12,140.6875
44,Role14_L34,253.2375
44,Role14_L56,112.55
44,Role14_L78,56.275
44,Role15_L12,168.825
44,Role15_L34,303.885
44,Role15_L56,135.06
44,Role15_L78,67.53
45,Role13_L12,112.55000000000001
45,Role13_L34,202.59000000000003
45,Role13_L56,90.04
45,Role13_L78,45.02
45,Role14_L12,140.6875
45,Role14_L34,253.2375
45,Role14_L56,112.55
45,Role14_L78,56.275
45,Role15_L12,168.825
45,Role15_L34,303.885
45,Role15_L56,135.06
45,Role15_L78,67.53
46,Role13_L12,112.55000000000001
46,Role13_L34,202.59000000000003
46,Role13_L56,90.04
46,Role13_L78,45.02
46,Role14_L12,140.6875
46,Role14_L34,253.2375
46,Role14_L56,112.55
46,Role14_L78,56.275
46,Role15_L12,168.825
46,Role15_L34,303.885
46,Role15_L56,135.06
46,Role15_L78,67.53
47,Role13_L12,112.55000000000001
47,Role13_L34,202.59000000000003
47,Role13_L56,90.04
47,Role13_L78,45.02
47,Role14_L12,140.6875
47,Role14_L34,253.2375
47,Role14_L56,112.55
47,Role14_L78,56.275
47,Role15_L12,168.825
47,Role15_L34,303.885
47,Role15_L56,135.06
47,Role15_L78,67.53
48,Role13_L12,112.55000000000001
48,Role13_L34,202.59000000000003
48,Role13_L56,90.04
48,Role13_L78,45.02
48,Role14_L12,140.6875
48,Role14_L34,253.2375
48,Role14_L56,112.55
48,Role14_L78,56.275
48,Role15_L12,168.825
48,Role15_L34,303.885
48,Role15_L56,135.06
48,Role15_L78,67.53
49,Role13_L12,112.55000000000001
49,Role13_L34,202.59000000000003
49,Role13_L56,90.04
49,Role13_L78,45.02
49,Role14_L12,140.6875
49,Role14_L34,253.2375
49,Role14_L56,112.55
49,Role14_L78,56.275
49,Role15_L12,168.825
49,Role15_L34,303.885
49,Role15_L56,135.06
49,Role15_L78,67.53
50,Role13_L12,112.55000000000001
50,Role13_L34,202.59000000000003
50,Role13_L56,90.04
50,Role13_L78,45.02
50,Role14_L12,140.6875
50,Role14_L34,253.2375
50,Role14_L56,112.55
50,Role14_L78,56.275
50,Role15_L12,168.825
50,Role15_L34,303.885
50,Role15_L56,135.06
50,Role15_L78,67.53
51,Role13_L12,112.55000000000001
51,Role13_L34,202.59000000000003
51,Role13_L56,90.04
51,Role13_L78,45.02
51,Role14_L12,140.6875
51,Role14_L34,253.2375
51,Role14_L56,112.55
51,Role14_L78,56.275
51,Role15_L12,168.825
51,Role15_L34,303.885
51,Role15_L56,135.06
51,Role15_L78,67.53
52,Role13_L12,112.55000000000001
52,Role13_L34,202.59000000000003
52,Role13_L56,90.04
52,Role13_L78,45.02
52,Role14_L12,140.6875
52,Role14_L34,253.2375
52,Role14_L56,112.55
52,Role14_L78,56.275
52,Role15_L12,168.825
52,Role15_L34,303.885
52,Role15_L56,135.06
52,Role15_L78,67.53
53,Role13_L12,112.55000000000001
53,Role13_L34,202.59000000000003
53,Role13_L56,90.04
53,Role13_L78,45.02
53,Role14_L12,140.6875
53,Role14_L34,253.2375
53,Role14_L56,112.55
53,Role14_L78,56.275
53,Role15_L12,168.825
53,Role15_L34,303.885
53,Role15_L56,135.06
53,Role15_L78,67.53
54,Role13_L12,112.55000000000001
54,Role13_L34,202.59000000000003
54,Role13_L56,90.04
54,Role13_L78,45.02
54,Role14_L12,140.6875
54,Role14_L34,253.2375
54,Role14_L56,112.55
54,Role14_L78,56.275
54,Role15_L12,168.825
54,Role15_L34,303.885
54,Role15_L56,135.06
54,Role15_L78,67.53
55,Role13_L12,112.55000000000001
55,Role13_L34,202.59000000000003
55,Role13_L56,90.04
55,Role13_L78,45.02
55,Role14_L12,140.6875
55,Role14_L34,253.2375
55,Role14_L56,112.55
55,Role14_L78,56.275
55,Role15_L12,168.825
55,Role15_L34,303.885
55,Role15_L56,135.06
55,Role15_L78,67.53
56,Role13_L12,112.55000000000001
56,Role13_L34,202.59000000000003
56,Role13_L56,90.04
56,Role13_L78,45.02
56,Role14_L12,140.6875
56,Role14_L34,253.2375
56,Role14_L56,112.55
56,Role14_L78,56.275
56,Role15_L12,168.825
56,Role15_L34,303.885
56,Role15_L56,135.06
56,Role15_L78,67.53
57,Role13_L12,112.55000000000001
57,Role13_L34,202.59000000000003
57,Role13_L56,90.04
57,Role13_L78,45.02
57,Role14_L12,140.6875
57,Role14_L34,253.2375
57,Role14_L56,112.55
57,Role14_L78,56.275
57,Role15_L12,168.825
57,Role15_L34,303.885
57,Role15_L56,135.06
57,Role15_L78,67.53
58,Role13_L12,112.55000000000001
58,Role13_L34,202.59000000000003
58,Role13_L56,90.04
58,Role13_L78,45.02
58,Role14_L12,140.6875
58,Role14_L34,253.2375
58,Role14_L56,112.55
58,Role14_L78,56.275
58,Role15_L12,168.825
58,Role15_L34,303.885
58,Role15_L56,135.06
58,Role15_L78,67.53
59,Role13_L12,112.55000000000001
59,Role13_L34,202.59000000000003
59,Role13_L56,90.04
59,Role13_L78,45.02
59,Role14_L12,140.6875
59,Role14_L34,253.2375
59,Role14_L56,112.55
59,Role14_L78,56.275
59,Role15_L12,168.825
59,Role15_L34,303.885
59,Role15_L56,135.06
59,Role15_L78,67.53
60,Role13_L12,112.55000000000001
60,Role13_L34,202.59000000000003
60,Role13_L56,90.04
60,Role13_L78,45.02
60,Role14_L12,140.6875
60,Role14_L34,253.2375
60,Role14_L56,112.55
60,Role14_L78,56.275
60,Role15_L12,168.825
60,Role15_L34,303.885
60,Role15_L56,135.06
60,Role15_L78,67.53
61,Role13_L12,112.55000000000001
61,Role13_L34,202.59000000000003
61,Role13_L56,90.04
61,Role13_L78,45.02
61,Role14_L12,140.6875
61,Role14_L34,253.2375
61,Role14_L56,112.55
61,Role14_L78,56.275
61,Role15_L12,168.825
61,Role15_L34,303.885
61,Role15_L56,135.06
61,Role15_L78,67.53
62,Role13_L12,112.55000000000001
62,Role13_L34,202.59000000000003
62,Role13_L56,90.04
62,Role13_L78,45.02
62,Role14_L12,140.6875
62,Role14_L34,253.2375
62,Role14_L56,112.55
62,Role14_L78,56.275
62,Role15_L12,168.825
62,Role15_L34,303.885
62,Role15_L56,135.06
62,Role15_L78,67.53
63,Role13_L12,112.55000000000001
63,Role13_L34,202.59000000000003
63,Role13_L56,90.04
63,Role13_L78,45.02
63,Role14_L12,140.6875
63,Role14_L34,253.2375
63,Role14_L56,112.55
63,Role14_L78,56.275
63,Role15_L12,168.825
63,Role15_L34,303.885
63,Role15_L56,135.06
63,Role15_L78,67.53
64,Role13_L12,112.55000000000001
64,Role13_L34,202.59000000000003
64,Role13_L56,90.04
64,Role13_L78,45.02
64,Role14_L12,140.6875
64,Role14_L34,253.2375
64,Role14_L56,112.55
64,Role14_L78,56.275
64,Role15_L12,168.825
64,Role15_L34,303.885
64,Role15_L56,135.06
64,Role15_L78,67.53
65,Role13_L12,112.55000000000001
65,Role13_L34,202.59000000000003
65,Role13_L56,90.04
65,Role13_L78,45.02
65,Role14_L12,140.6875
65,Role14_L34,253.2375
65,Role14_L56,112.55
65,Role14_L78,56.275
65,Role15_L12,168.825
65,Role15_L34,303.885
65,Role15_L56,135.06
65,Role15_L78,67.53
66,Role13_L12,112.55000000000001
66,Role13_L34,202.59000000000003
66,Role13_L56,90.04
66,Role13_L78,45.02
66,Role14_L12,140.6875
66,Role14_L34,253.2375
66,Role14_L56,112.55
66,Role14_L78,56.275
66,Role15_L12,168.825
66,Role15_L34,303.885
66,Role15_L56,135.06
66,Role15_L78,67.53
67,Role13_L12,112.55000000000001
67,Role13_L34,202.59000000000003
67,Role13_L56,90.04
67,Role13_L78,45.02
67,Role14_L12,140.6875
67,Role14_L34,253.2375
67,Role14_L56,112.55
67,Role14_L78,56.275
67,Role15_L12,168.825
67,Role15_L34,303.885
67,Role15_L56,135.06
67,Role15_L78,67.53
68,Role13_L12,112.55000000000001
68,Role13_L34,202.59000000000003
68,Role13_L56,90.04
68,Role13_L78,45.02
68,Role14_L12,140.6875
68,Role14_L34,253.2375
68,Role14_L56,112.55
68,Role14_L78,56.275
68,Role15_L12,168.825
68,Role15_L34,303.885
68,Role15_L56,135.06
68,Role15_L78,67.53
69,Role13_L12,112.55000000000001
69,Role13_L34,202.59000000000003
69,Role13_L56,90.04
69,Role13_L78,45.02
69,Role14_L12,140.6875
69,Role14_L34,253.2375
69,Role14_L56,112.55
69,Role14_L78,56.275
69,Role15_L12,168.825
69,Role15_L34,303.885
69,Role15_L56,135.06
69,Role15_L78,67.53
70,Role13_L12,112.55000000000001
70,Role13_L34,202.59000000000003
70,Role13_L56,90.04
70,Role13_L78,45.02
70,Role14_L12,140.6875
70,Role14_L34,253.2375
70,Role14_L56,112.55
70,Role14_L78,56.275
70,Role15_L12,168.825
70,Role15_L34,303.885
70,Role15_L56,135.06
70,Role15_L78,67.53
71,Role13_L12,112.55000000000001
71,Role13_L34,202.59000000000003
71,Role13_L56,90.04
71,Role13_L78,45.02
71,Role14_L12,140.6875
71,Role14_L34,253.2375
71,Role14_L56,112.55
71,Role14_L78,56.275
71,Role15_L12,168.825
71,Role15_L34,303.885
71,Role15_L56,135.06
71,Role15_L78,67.53
72,Role13_L12,112.55000000000001
72,Role13_L34,202.59000000000003
72,Role13_L56,90.04
72,Role13_L78,45.02
72,Role14_L12,140.6875
72,Role14_L34,253.2375
72,Role14_L56,112.55
72,Role14_L78,56.275
72,Role15_L12,168.825
72,Role15_L34,303.885
72,Role15_L56,135.06
72,Role15_L78,67.53
73,Role13_L12,112.55000000000001
73,Role13_L34,202.59000000000003
73,Role13_L56,90.04
73,Role13_L78,45.02
73,Role14_L12,140.6875
73,Role14_L34,253.2375
73,Role14_L56,112.55
73,Role14_L78,56.275
73,Role15_L12,168.825
73,Role15_L34,303.885
73,Role15_L56,135.06
73,Role15_L78,67.53
74,Role13_L12,112.55000000000001
74,Role13_L34,202.59000000000003
74,Role13_L56,90.04
74,Role13_L78,45.02
74,Role14_L12,140.6875
74,Role14_L34,253.2375
74,Role14_L56,112.55
74,Role14_L78,56.275
74,Role15_L12,168.825
74,Role15_L34,303.885
74,Role15_L56,135.06
74,Role15_L78,67.53
75,Role13_L12,112.55000000000001
75,Role13_L34,202.59000000000003
75,Role13_L56,90.04
75,Role13_L78,45.02
75,Role14_L12,140.6875
75,Role14_L34,253.2375
75,Role14_L56,112.55
75,Role14_L78,56.275
75,Role15_L12,168.825
75,Role15_L34,303.885
75,Role15_L56,135.06
75,Role15_L78,67.53
76,Role13_L12,112.55000000000001
76,Role13_L34,202.59000000000003
76,Role13_L56,90.04
76,Role13_L78,45.02
76,Role14_L12,140.6875
76,Role14_L34,253.2375
76,Role14_L56,112.55
76,Role14_L78,56.275
76,Role15_L12,168.825
76,Role15_L34,303.885
76,Role15_L56,135.06
76,Role15_L78,67.53
77,Role13_L12,112.55000000000001
77,Role13_L34,202.59000000000003
77,Role13_L56,90.04
77,Role13_L78,45.02
77,Role14_L12,140.6875
77,Role14_L34,253.2375
77,Role14_L56,112.55
77,Role14_L78,56.275
77,Role15_L12,168.825
77,Role15_L34,303.885
77,Role15_L56,135.06
77,Role15_L78,67.53
78,Role13_L12,112.55000000000001
78,Role13_L34,202.59000000000003
78,Role13_L56,90.04
78,Role13_L78,45.02
78,Role14_L12,140.6875
78,Role14_L34,253.2375
78,Role14_L56,112.55
78,Role14_L78,56.275
78,Role15_L12,168.825
78,Role15_L34,303.885
78,Role15_L56,135.06
78,Role15_L78,67.53
79,Role13_L12,112.55000000000001
79,Role13_L34,202.59000000000003
79,Role13_L56,90.04
79,Role13_L78,45.02
79,Role14_L12,140.6875
79,Role14_L34,253.2375
79,Role14_L56,112.55
79,Role14_L78,56.275
79,Role15_L12,168.825
79,Role15_L34,303.885
79,Role15_L56,135.06
79,Role15_L78,67.53
80,Role13_L12,112.55000000000001
80,Role13_L34,202.59000000000003
80,Role13_L56,90.04
80,Role13_L78,45.02
80,Role14_L12,140.6875
80,Role14_L34,253.2375
80,Role14_L56,112.55
80,Role14_L78,56.275
80,Role15_L12,168.825
80,Role15_L34,303.885
80,Role15_L56,135.06
80,Role15_L78,67.53
81,Role13_L12,112.55000000000001
81,Role13_L34,202.59000000000003
81,Role13_L56,90.04
81,Role13_L78,45.02
81,Role14_L12,140.6875
81,Role14_L34,253.2375
81,Role14_L56,112.55
81,Role14_L78,56.275
81,Role15_L12,168.825
81,Role15_L34,303.885
81,Role15_L56,135.06
81,Role15_L78,67.53
82,Role13_L12,112.55000000000001
82,Role13_L34,202.59000000000003
82,Role13_L56,90.04
82,Role13_L78,45.02
82,Role14_L12,140.6875
82,Role14_L34,253.2375
82,Role14_L56,112.55
82,Role14_L78,56.275
82,Role15_L12,168.825
82,Role15_L34,303.885
82,Role15_L56,135.06
82,Role15_L78,67.53
83,Role13_L12,112.55000000000001
83,Role13_L34,202.59000000000003
83,Role13_L56,90.04
83,Role13_L78,45.02
83,Role14_L12,140.6875
83,Role14_L34,253.2375
83,Role14_L56,112.55
83,Role14_L78,56.275
83,Role15_L12,168.825
83,Role15_L34,303.885
83,Role15_L56,135.06
83,Role15_L78,67.53
84,Role13_L12,112.55000000000001
84,Role13_L34,202.59000000000003
84,Role13_L56,90.04
84,Role13_L78,45.02
84,Role14_L12,140.6875
84,Role14_L34,253.2375
84,Role14_L56,112.55
84,Role14_L78,56.275
84,Role15_L12,168.825
84,Role15_L34,303.885
84,Role15_L56,135.06
84,Role15_L78,67.53
85,Role13_L12,112.55000000000001
85,Role13_L34,202.59000000000003
85,Role13_L56,90.04
85,Role13_L78,45.02
85,Role14_L12,140.6875
85,Role14_L34,253.2375
85,Role14_L56,112.55
85,Role14_L78,56.275
85,Role15_L12,168.825
85,Role15_L34,303.885
85,Role15_L56,135.06
85,Role15_L78,67.53
86,Role13_L12,112.55000000000001
86,Role13_L34,202.59000000000003
86,Role13_L56,90.04
86,Role13_L78,45.02
86,Role14_L12,140.6875
86,Role14_L34,253.2375
86,Role14_L56,112.55
86,Role14_L78,56.275
86,Role15_L12,168.825
86,Role15_L34,303.885
86,Role15_L56,135.06
86,Role15_L78,67.53
87,Role13_L12,112.55000000000001
87,Role13_L34,202.59000000000003
87,Role13_L56,90.04
87,Role13_L78,45.02
87,Role14_L12,140.6875
87,Role14_L34,253.2375
87,Role14_L56,112.55
87,Role14_L78,56.275
87,Role15_L12,168.825
87,Role15_L34,303.885
87,Role15_L56,135.06
87,Role15_L78,67.53
88,Role13_L12,112.55000000000001
88,Role13_L34,202.59000000000003
88,Role13_L56,90.04
88,Role13_L78,45.02
88,Role14_L12,140.6875
88,Role14_L34,253.2375
88,Role14_L56,112.55
88,Role14_L78,56.275
88,Role15_L12,168.825
88,Role15_L34,303.885
88,Role15_L56,135.06
88,Role15_L78,67.53
89,Role13_L12,112.55000000000001
89,Role13_L34,202.59000000000003
89,Role13_L56,90.04
89,Role13_L78,45.02
89,Role14_L12,140.6875
89,Role14_L34,253.2375
89,Role14_L56,112.55
89,Role14_L78,56.275
89,Role15_L12,168.825
89,Role15_L34,303.885
89,Role15_L56,135.06
89,Role15_L78,67.53
90,Role13_L12,112.55000000000001
90,Role13_L34,202.59000000000003
90,Role13_L56,90.04
90,Role13_L78,45.02
90,Role14_L12,140.6875
90,Role14_L34,253.2375
90,Role14_L56,112.55
90,Role14_L78,56.275
90,Role15_L12,168.825
90,Role15_L34,303.885
90,Role15_L56,135.06
90,Role15_L78,67.53
91,Role13_L12,112.55000000000001
91,Role13_L34,202.59000000000003
91,Role13_L56,90.04
91,Role13_L78,45.02
91,Role14_L12,140.6875
91,Role14_L34,253.2375
91,Role14_L56,112.55
91,Role14_L78,56.275
91,Role15_L12,168.825
91,Role15_L34,303.885
91,Role15_L56,135.06
91,Role15_L78,67.53
92,Role13_L12,112.55000000000001
92,Role13_L34,202.59000000000003
92,Role13_L56,90.04
92,Role13_L78,45.02
92,Role14_L12,140.6875
92,Role14_L34,253.2375
92,Role14_L56,112.55
92,Role14_L78,56.275
92,Role15_L12,168.825
92,Role15_L34,303.885
92,Role15_L56,135.06
92,Role15_L78,67.53
93,Role13_L12,112.55000000000001
93,Role13_L34,202.59000000000003
93,Role13_L56,90.04
93,Role13_L78,45.02
93,Role14_L12,140.6875
93,Role14_L34,253.2375
93,Role14_L56,112.55
93,Role14_L78,56.275
93,Role15_L12,168.825
93,Role15_L34,303.885
93,Role15_L56,135.06
93,Role15_L78,67.53
94,Role13_L12,112.55000000000001
94,Role13_L34,202.59000000000003
94,Role13_L56,90.04
94,Role13_L78,45.02
94,Role14_L12,140.6875
94,Role14_L34,253.2375
94,Role14_L56,112.55
94,Role14_L78,56.275
94,Role15_L12,168.825
94,Role15_L34,303.885
94,Role15_L56,135.06
94,Role15_L78,67.53
95,Role13_L12,112.55000000000001
95,Role13_L34,202.59000000000003
95,Role13_L56,90.04
95,Role13_L78,45.02
95,Role14_L12,140.6875
95,Role14_L34,253.2375
95,Role14_L56,112.55
95,Role14_L78,56.275
95,Role15_L12,168.825
95,Role15_L34,303.885
95,Role15_L56,135.06
95,Role15_L78,67.53
96,Role13_L12,112.55000000000001
96,Role13_L34,202.59000000000003
96,Role13_L56,90.04
96,Role13_L78,45.02
96,Role14_L12,140.6875
96,Role14_L34,253.2375
96,Role14_L56,112.55
96,Role14_L78,56.275
96,Role15_L12,168.825
96,Role15_L34,303.885
96,Role15_L56,135.06
96,Role15_L78,67.53
97,Role13_L12,112.55000000000001
97,Role13_L34,202.59000000000003
97,Role13_L56,90.04
97,Role13_L78,45.02
97,Role14_L12,140.6875
97,Role14_L34,253.2375
97,Role14_L56,112.55
97,Role14_L78,56.275
97,Role15_L12,168.825
97,Role15_L34,303.885
97,Role15_L56,135.06
97,Role15_L78,67.53
98,Role13_L12,112.55000000000001
98,Role13_L34,202.59000000000003
98,Role13_L56,90.04
98,Role13_L78,45.02
98,Role14_L12,140.6875
98,Role14_L34,253.2375
98,Role14_L56,112.55
98,Role14_L78,56.275
98,Role15_L12,168.825
98,Role15_L34,303.885
98,Role15_L56,135.06
98,Role15_L78,67.53
99,Role13_L12,112.55000000000001
99,Role13_L34,202.59000000000003
99,Role13_L56,90.04
99,Role13_L78,45.02
99,Role14_L12,140.6875
99,Role14_L34,253.2375
99,Role14_L56,112.55
99,Role14_L78,56.275
99,Role15_L12,168.825
99,Role15_L34,303.885
99,Role15_L56,135.06
99,Role15_L78,67.53
100,Role13_L12,112.55000000000001
100,Role13_L34,202.59000000000003
100,Role13_L56,90.04
100,Role13_L78,45.02
100,Role14_L12,140.6875
100,Role14_L34,253.2375
100,Role14_L56,112.55
100,Role14_L78,56.275
100,Role15_L12,168.825
100,Role15_L34,303.885
100,Role15_L56,135.06
100,Role15_L78,67.53
101,Role13_L12,112.55000000000001
101,Role13_L34,202.59000000000003
101,Role13_L56,90.04
101,Role13_L78,45.02
101,Role14_L12,140.6875
101,Role14_L34,253.2375
101,Role14_L56,112.55
101,Role14_L78,56.275
101,Role15_L12,168.825
101,Role15_L34,303.885
101,Role15_L56,135.06
101,Role15_L78,67.53
102,Role13_L12,112.55000000000001
102,Role13_L34,202.59000000000003
102,Role13_L56,90.04
102,Role13_L78,45.02
102,Role14_L12,140.6875
102,Role14_L34,253.2375
102,Role14_L56,112.55
102,Role14_L78,56.275
102,Role15_L12,168.825
102,Role15_L34,303.885
102,Role15_L56,135.06
102,Role15_L78,67.53
103,Role13_L12,112.55000000000001
103,Role13_L34,202.59000000000003
103,Role13_L56,90.04
103,Role13_L78,45.02
103,Role14_L12,140.6875
103,Role14_L34,253.2375
103,Role14_L56,112.55
103,Role14_L78,56.275
103,Role15_L12,168.825
103,Role15_L34,303.885
103,Role15_L56,135.06
103,Role15_L78,67.53
104,Role13_L12,112.55000000000001
104,Role13_L34,202.59000000000003
104,Role13_L56,90.04
104,Role13_L78,45.02
104,Role14_L12,140.6875
104,Role14_L34,253.2375
104,Role14_L56,112.55
104,Role14_L78,56.275
104,Role15_L12,168.825
104,Role15_L34,303.885
104,Role15_L56,135.06
104,Role15_L78,67.53
105,Role13_L12,112.55000000000001
105,Role13_L34,202.59000000000003
105,Role13_L56,90.04
105,Role13_L78,45.02
105,Role14_L12,140.6875
105,Role14_L34,253.2375
105,Role14_L56,112.55
105,Role14_L78,56.275
105,Role15_L12,168.825
105,Role15_L34,303.885
105,Role15_L56,135.06
105,Role15_L78,67.53
106,Role13_L12,112.55000000000001
106,Role13_L34,202.59000000000003
106,Role13_L56,90.04
106,Role13_L78,45.02
106,Role14_L12,140.6875
106,Role14_L34,253.2375
106,Role14_L56,112.55
106,Role14_L78,56.275
106,Role15_L12,168.825
106,Role15_L34,303.885
106,Role15_L56,135.06
106,Role15_L78,67.53
107,Role13_L12,112.55000000000001
107,Role13_L34,202.59000000000003
107,Role13_L56,90.04
107,Role13_L78,45.02
107,Role14_L12,140.6875
107,Role14_L34,253.2375
107,Role14_L56,112.55
107,Role14_L78,56.275
107,Role15_L12,168.825
107,Role15_L34,303.885
107,Role15_L56,135.06
107,Role15_L78,67.53
108,Role13_L12,112.55000000000001
108,Role13_L34,202.59000000000003
108,Role13_L56,90.04
108,Role13_L78,45.02
108,Role14_L12,140.6875
108,Role14_L34,253.2375
108,Role14_L56,112.55
108,Role14_L78,56.275
108,Role15_L12,168.825
108,Role15_L34,303.885
108,Role15_L56,135.06
108,Role15_L78,67.53
109,Role13_L12,112.55000000000001
109,Role13_L34,202.59000000000003
109,Role13_L56,90.04
109,Role13_L78,45.02
109,Role14_L12,140.6875
109,Role14_L34,253.2375
109,Role14_L56,112.55
109,Role14_L78,56.275
109,Role15_L12,168.825
109,Role15_L34,303.885
109,Role15_L56,135.06
109,Role15_L78,67.53
110,Role13_L12,112.55000000000001
110,Role13_L34,202.59000000000003
110,Role13_L56,90.04
110,Role13_L78,45.02
110,Role14_L12,140.6875
110,Role14_L34,253.2375
110,Role14_L56,112.55
110,Role14_L78,56.275
110,Role15_L12,168.825
110,Role15_L34,303.885
110,Role15_L56,135.06
110,Role15_L78,67.53
111,Role13_L12,112.55000000000001
111,Role13_L34,202.59000000000003
111,Role13_L56,90.04
111,Role13_L78,45.02
111,Role14_L12,140.6875
111,Role14_L34,253.2375
111,Role14_L56,112.55
111,Role14_L78,56.275
111,Role15_L12,168.825
111,Role15_L34,303.885
111,Role15_L56,135.06
111,Role15_L78,67.53
112,Role13_L12,112.55000000000001
112,Role13_L34,202.59000000000003
112,Role13_L56,90.04
112,Role13_L78,45.02
112,Role14_L12,140.6875
112,Role14_L34,253.2375
112,Role14_L56,112.55
112,Role14_L78,56.275
112,Role15_L12,168.825
112,Role15_L34,303.885
112,Role15_L56,135.06
112,Role15_L78,67.53
113,Role13_L12,112.55000000000001
113,Role13_L34,202.59000000000003
113,Role13_L56,90.04
113,Role13_L78,45.02
113,Role14_L12,140.6875
113,Role14_L34,253.2375
113,Role14_L56,112.55
113,Role14_L78,56.275
113,Role15_L12,168.825
113,Role15_L34,303.885
113,Role15_L56,135.06
113,Role15_L78,67.53
114,Role13_L12,112.55000000000001
114,Role13_L34,202.59000000000003
114,Role13_L56,90.04
114,Role13_L78,45.02
114,Role14_L12,140.6875
114,Role14_L34,253.2375
114,Role14_L56,112.55
114,Role14_L78,56.275
114,Role15_L12,168.825
114,Role15_L34,303.885
114,Role15_L56,135.06
114,Role15_L78,67.53
115,Role13_L12,112.55000000000001
115,Role13_L34,202.59000000000003
115,Role13_L56,90.04
115,Role13_L78,45.02
115,Role14_L12,140.6875
115,Role14_L34,253.2375
115,Role14_L56,112.55
115,Role14_L78,56.275
115,Role15_L12,168.825
115,Role15_L34,303.885
115,Role15_L56,135.06
115,Role15_L78,67.53
116,Role13_L12,112.55000000000001
116,Role13_L34,202.59000000000003
116,Role13_L56,90.04
116,Role13_L78,45.02
116,Role14_L12,140.6875
116,Role14_L34,253.2375
116,Role14_L56,112.55
116,Role14_L78,56.275
116,Role15_L12,168.825
116,Role15_L34,303.885
116,Role15_L56,135.06
116,Role15_L78,67.53
117,Role13_L12,112.55000000000001
117,Role13_L34,202.59000000000003
117,Role13_L56,90.04
117,Role13_L78,45.02
117,Role14_L12,140.6875
117,Role14_L34,253.2375
117,Role14_L56,112.55
117,Role14_L78,56.275
117,Role15_L12,168.825
117,Role15_L34,303.885
117,Role15_L56,135.06
117,Role15_L78,67.53
118,Role13_L12,112.55000000000001
118,Role13_L34,202.59000000000003
118,Role13_L56,90.04
118,Role13_L78,45.02
118,Role14_L12,140.6875
118,Role14_L34,253.2375
118,Role14_L56,112.55
118,Role14_L78,56.275
118,Role15_L12,168.825
118,Role15_L34,303.885
118,Role15_L56,135.06
118,Role15_L78,67.53
119,Role13_L12,112.55000000000001
119,Role13_L34,202.59000000000003
119,Role13_L56,90.04
119,Role13_L78,45.02
119,Role14_L12,140.6875
119,Role14_L34,253.2375
119,Role14_L56,112.55
119,Role14_L78,56.275
119,Role15_L12,168.825
119,Role15_L34,303.885
119,Role15_L56,135.06
119,Role15_L78,67.53
120,Role13_L12,112.55000000000001
120,Role13_L34,202.59000000000003
120,Role13_L56,90.04
120,Role13_L78,45.02
120,Role14_L12,140.6875
120,Role14_L34,253.2375
120,Role14_L56,112.55
120,Role14_L78,56.275
120,Role15_L12,168.825
120,Role15_L34,303.885
120,Role15_L56,135.06
120,Role15_L78,67.53
121,Role13_L12,112.55000000000001
121,Role13_L34,202.59000000000003
121,Role13_L56,90.04
121,Role13_L78,45.02
121,Role14_L12,140.6875
121,Role14_L34,253.2375
121,Role14_L56,112.55
121,Role14_L78,56.275
121,Role15_L12,168.825
121,Role15_L34,303.885
121,Role15_L56,135.06
121,Role15_L78,67.53
122,Role13_L12,112.55000000000001
122,Role13_L34,202.59000000000003
122,Role13_L56,90.04
122,Role13_L78,45.02
122,Role14_L12,140.6875
122,Role14_L34,253.2375
122,Role14_L56,112.55
122,Role14_L78,56.275
122,Role15_L12,168.825
122,Role15_L34,303.885
122,Role15_L56,135.06
122,Role15_L78,67.53
123,Role13_L12,112.55000000000001
123,Role13_L34,202.59000000000003
123,Role13_L56,90.04
123,Role13_L78,45.02
123,Role14_L12,140.6875
123,Role14_L34,253.2375
123,Role14_L56,112.55
123,Role14_L78,56.275
123,Role15_L12,168.825
123,Role15_L34,303.885
123,Role15_L56,135.06
123,Role15_L78,67.53
124,Role13_L12,112.55000000000001
124,Role13_L34,202.59000000000003
124,Role13_L56,90.04
124,Role13_L78,45.02
124,Role14_L12,140.6875
124,Role14_L34,253.2375
124,Role14_L56,112.55
124,Role14_L78,56.275
124,Role15_L12,168.825
124,Role15_L34,303.885
124,Role15_L56,135.06
124,Role15_L78,67.53
125,Role13_L12,112.55000000000001
125,Role13_L34,202.59000000000003
125,Role13_L56,90.04
125,Role13_L78,45.02
125,Role14_L12,140.6875
125,Role14_L34,253.2375
125,Role14_L56,112.55
125,Role14_L78,56.275
125,Role15_L12,168.825
125,Role15_L34,303.885
125,Role15_L56,135.06
125,Role15_L78,67.53
126,Role13_L12,112.55000000000001
126,Role13_L34,202.59000000000003
126,Role13_L56,90.04
126,Role13_L78,45.02
126,Role14_L12,140.6875
126,Role14_L34,253.2375
126,Role14_L56,112.55
126,Role14_L78,56.275
126,Role15_L12,168.825
126,Role15_L34,303.885
126,Role15_L56,135.06
126,Role15_L78,67.53
127,Role13_L12,112.55000000000001
127,Role13_L34,202.59000000000003
127,Role13_L56,90.04
127,Role13_L78,45.02
127,Role14_L12,140.6875
127,Role14_L34,253.2375
127,Role14_L56,112.55
127,Role14_L78,56.275
127,Role15_L12,168.825
127,Role15_L34,303.885
127,Role15_L56,135.06
127,Role15_L78,67.53
128,Role13_L12,112.55000000000001
128,Role13_L34,202.59000000000003
128,Role13_L56,90.04
128,Role13_L78,45.02
128,Role14_L12,140.6875
128,Role14_L34,253.2375
128,Role14_L56,112.55
128,Role14_L78,56.275
128,Role15_L12,168.825
128,Role15_L34,303.885
128,Role15_L56,135.06
128,Role15_L78,67.53
129,Role13_L12,112.55000000000001
129,Role13_L34,202.59000000000003
129,Role13_L56,90.04
129,Role13_L78,45.02
129,Role14_L12,140.6875
129,Role14_L34,253.2375
129,Role14_L56,112.55
129,Role14_L78,56.275
129,Role15_L12,168.825
129,Role15_L34,303.885
129,Role15_L56,135.06
129,Role15_L78,67.53
130,Role13_L12,112.55000000000001
130,Role13_L34,202.59000000000003
130,Role13_L56,90.04
130,Role13_L78,45.02
130,Role14_L12,140.6875
130,Role14_L34,253.2375
130,Role14_L56,112.55
130,Role14_L78,56.275
130,Role15_L12,168.825
130,Role15_L34,303.885
130,Role15_L56,135.06
130,Role15_L78,67.53
131,Role13_L12,112.55000000000001
131,Role13_L34,202.59000000000003
131,Role13_L56,90.04
131,Role13_L78,45.02
131,Role14_L12,140.6875
131,Role14_L34,253.2375
131,Role14_L56,112.55
131,Role14_L78,56.275
131,Role15_L12,168.825
131,Role15_L34,303.885
131,Role15_L56,135.06
131,Role15_L78,67.53
132,Role13_L12,112.55000000000001
132,Role13_L34,202.59000000000003
132,Role13_L56,90.04
132,Role13_L78,45.02
132,Role14_L12,140.6875
132,Role14_L34,253.2375
132,Role14_L56,112.55
132,Role14_L78,56.275
132,Role15_L12,168.825
132,Role15_L34,303.885
132,Role15_L56,135.06
132,Role15_L78,67.53
133,Role13_L12,112.55000000000001
133,Role13_L34,202.59000000000003
133,Role13_L56,90.04
133,Role13_L78,45.02
133,Role14_L12,140.6875
133,Role14_L34,253.2375
133,Role14_L56,112.55
133,Role14_L78,56.275
133,Role15_L12,168.825
133,Role15_L34,303.885
133,Role15_L56,135.06
133,Role15_L78,67.53
134,Role13_L12,112.55000000000001
134,Role13_L34,202.59000000000003
134,Role13_L56,90.04
134,Role13_L78,45.02
134,Role14_L12,140.6875
134,Role14_L34,253.2375
134,Role14_L56,112.55
134,Role14_L78,56.275
134,Role15_L12,168.825
134,Role15_L34,303.885
134,Role15_L56,135.06
134,Role15_L78,67.53
135,Role13_L12,112.55000000000001
135,Role13_L34,202.59000000000003
135,Role13_L56,90.04
135,Role13_L78,45.02
135,Role14_L12,140.6875
135,Role14_L34,253.2375
135,Role14_L56,112.55
135,Role14_L78,56.275
135,Role15_L12,168.825
135,Role15_L34,303.885
135,Role15_L56,135.06
135,Role15_L78,67.53
136,Role13_L12,112.55000000000001
136,Role13_L34,202.59000000000003
136,Role13_L56,90.04
136,Role13_L78,45.02
136,Role14_L12,140.6875
136,Role14_L34,253.2375
136,Role14_L56,112.55
136,Role14_L78,56.275
136,Role15_L12,168.825
136,Role15_L34,303.885
136,Role15_L56,135.06
136,Role15_L78,67.53
137,Role13_L12,112.55000000000001
137,Role13_L34,202.59000000000003
137,Role13_L56,90.04
137,Role13_L78,45.02
137,Role14_L12,140.6875
137,Role14_L34,253.2375
137,Role14_L56,112.55
137,Role14_L78,56.275
137,Role15_L12,168.825
137,Role15_L34,303.885
137,Role15_L56,135.06
137,Role15_L78,67.53
138,Role13_L12,112.55000000000001
138,Role13_L34,202.59000000000003
138,Role13_L56,90.04
138,Role13_L78,45.02
138,Role14_L12,140.6875
138,Role14_L34,253.2375
138,Role14_L56,112.55
138,Role14_L78,56.275
138,Role15_L12,168.825
138,Role15_L34,303.885
138,Role15_L56,135.06
138,Role15_L78,67.53
139,Role13_L12,112.55000000000001
139,Role13_L34,202.59000000000003
139,Role13_L56,90.04
139,Role13_L78,45.02
139,Role14_L12,140.6875
139,Role14_L34,253.2375
139,Role14_L56,112.55
139,Role14_L78,56.275
139,Role15_L12,168.825
139,Role15_L34,303.885
139,Role15_L56,135.06
139,Role15_L78,67.53
140,Role13_L12,112.55000000000001
140,Role13_L34,202.59000000000003
140,Role13_L56,90.04
140,Role13_L78,45.02
140,Role14_L12,140.6875
140,Role14_L34,253.2375
140,Role14_L56,112.55
140,Role14_L78,56.275
140,Role15_L12,168.825
140,Role15_L34,303.885
140,Role15_L56,135.06
140,Role15_L78,67.53
141,Role13_L12,112.55000000000001
141,Role13_L34,202.59000000000003
141,Role13_L56,90.04
141,Role13_L78,45.02
141,Role14_L12,140.6875
141,Role14_L34,253.2375
141,Role14_L56,112.55
141,Role14_L78,56.275
141,Role15_L12,168.825
141,Role15_L34,303.885
141,Role15_L56,135.06
141,Role15_L78,67.53
142,Role13_L12,112.55000000000001
142,Role13_L34,202.59000000000003
142,Role13_L56,90.04
142,Role13_L78,45.02
142,Role14_L12,140.6875
142,Role14_L34,253.2375
142,Role14_L56,112.55
142,Role14_L78,56.275
142,Role15_L12,168.825
142,Role15_L34,303.885
142,Role15_L56,135.06
142,Role15_L78,67.53
143,Role13_L12,112.55000000000001
143,Role13_L34,202.59000000000003
143,Role13_L56,90.04
143,Role13_L78,45.02
143,Role14_L12,140.6875
143,Role14_L34,253.2375
143,Role14_L56,112.55
143,Role14_L78,56.275
143,Role15_L12,168.825
143,Role15_L34,303.885
143,Role15_L56,135.06
143,Role15_L78,67.53
144,Role13_L12,112.55000000000001
144,Role13_L34,202.59000000000003
144,Role13_L56,90.04
144,Role13_L78,45.02
144,Role14_L12,140.6875
144,Role14_L34,253.2375
144,Role14_L56,112.55
144,Role14_L78,56.275
144,Role15_L12,168.825
144,Role15_L34,303.885
144,Role15_L56,135.06
144,Role15_L78,67.53
145,Role13_L12,112.55000000000001
145,Role13_L34,202.59000000000003
145,Role13_L56,90.04
145,Role13_L78,45.02
145,Role14_L12,140.6875
145,Role14_L34,253.2375
145,Role14_L56,112.55
145,Role14_L78,56.275
145,Role15_L12,168.825
145,Role15_L34,303.885
145,Role15_L56,135.06
145,Role15_L78,67.53
146,Role13_L12,112.55000000000001
146,Role13_L34,202.59000000000003
146,Role13_L56,90.04
146,Role13_L78,45.02
146,Role14_L12,140.6875
146,Role14_L34,253.2375
146,Role14_L56,112.55
146,Role14_L78,56.275
146,Role15_L12,168.825
146,Role15_L34,303.885
146,Role15_L56,135.06
146,Role15_L78,67.53
147,Role13_L12,112.55000000000001
147,Role13_L34,202.59000000000003
147,Role13_L56,90.04
147,Role13_L78,45.02
147,Role14_L12,140.6875
147,Role14_L34,253.2375
147,Role14_L56,112.55
147,Role14_L78,56.275
147,Role15_L12,168.825
147,Role15_L34,303.885
147,Role15_L56,135.06
147,Role15_L78,67.53
148,Role13_L12,112.55000000000001
148,Role13_L34,202.59000000000003
148,Role13_L56,90.04
148,Role13_L78,45.02
148,Role14_L12,140.6875
148,Role14_L34,253.2375
148,Role14_L56,112.55
148,Role14_L78,56.275
148,Role15_L12,168.825
148,Role15_L34,303.885
148,Role15_L56,135.06
148,Role15_L78,67.53
149,Role13_L12,112.55000000000001
149,Role13_L34,202.59000000000003
149,Role13_L56,90.04
149,Role13_L78,45.02
149,Role14_L12,140.6875
149,Role14_L34,253.2375
149,Role14_L56,112.55
149,Role14_L78,56.275
149,Role15_L12,168.825
149,Role15_L34,303.885
149,Role15_L56,135.06
149,Role15_L78,67.53
150,Role13_L12,112.55000000000001
150,Role13_L34,202.59000000000003
150,Role13_L56,90.04
150,Role13_L78,45.02
150,Role14_L12,140.6875
150,Role14_L34,253.2375
150,Role14_L56,112.55
150,Role14_L78,56.275
150,Role15_L12,168.825
150,Role15_L34,303.885
150,Role15_L56,135.06
150,Role15_L78,67.53
151,Role13_L12,112.55000000000001
151,Role13_L34,202.59000000000003
151,Role13_L56,90.04
151,Role13_L78,45.02
151,Role14_L12,140.6875
151,Role14_L34,253.2375
151,Role14_L56,112.55
151,Role14_L78,56.275
151,Role15_L12,168.825
151,Role15_L34,303.885
151,Role15_L56,135.06
151,Role15_L78,67.53
152,Role13_L12,112.55000000000001
152,Role13_L34,202.59000000000003
152,Role13_L56,90.04
152,Role13_L78,45.02
152,Role14_L12,140.6875
152,Role14_L34,253.2375
152,Role14_L56,112.55
152,Role14_L78,56.275
152,Role15_L12,168.825
152,Role15_L34,303.885
152,Role15_L56,135.06
152,Role15_L78,67.53
153,Role13_L12,112.55000000000001
153,Role13_L34,202.59000000000003
153,Role13_L56,90.04
153,Role13_L78,45.02
153,Role14_L12,140.6875
153,Role14_L34,253.2375
153,Role14_L56,112.55
153,Role14_L78,56.275
153,Role15_L12,168.825
153,Role15_L34,303.885
153,Role15_L56,135.06
153,Role15_L78,67.53
154,Role13_L12,112.55000000000001
154,Role13_L34,202.59000000000003
154,Role13_L56,90.04
154,Role13_L78,45.02
154,Role14_L12,140.6875
154,Role14_L34,253.2375
154,Role14_L56,112.55
154,Role14_L78,56.275
154,Role15_L12,168.825
154,Role15_L34,303.885
154,Role15_L56,135.06
154,Role15_L78,67.53
155,Role13_L12,112.55000000000001
155,Role13_L34,202.59000000000003
155,Role13_L56,90.04
155,Role13_L78,45.02
155,Role14_L12,140.6875
155,Role14_L34,253.2375
155,Role14_L56,112.55
155,Role14_L78,56.275
155,Role15_L12,168.825
155,Role15_L34,303.885
155,Role15_L56,135.06
155,Role15_L78,67.53
156,Role13_L12,112.55000000000001
156,Role13_L34,202.59000000000003
156,Role13_L56,90.04
156,Role13_L78,45.02
156,Role14_L12,140.6875
156,Role14_L34,253.2375
156,Role14_L56,112.55
156,Role14_L78,56.275
156,Role15_L12,168.825
156,Role15_L34,303.885
156,Role15_L56,135.06
156,Role15_L78,67.53
157,Role13_L12,112.55000000000001
157,Role13_L34,202.59000000000003
157,Role13_L56,90.04
157,Role13_L78,45.02
157,Role14_L12,140.6875
157,Role14_L34,253.2375
157,Role14_L56,112.55
157,Role14_L78,56.275
157,Role15_L12,168.825
157,Role15_L34,303.885
157,Role15_L56,135.06
157,Role15_L78,67.53
158,Role13_L12,112.55000000000001
158,Role13_L34,202.59000000000003
158,Role13_L56,90.04
158,Role13_L78,45.02
158,Role14_L12,140.6875
158,Role14_L34,253.2375
158,Role14_L56,112.55
158,Role14_L78,56.275
158,Role15_L12,168.825
158,Role15_L34,303.885
158,Role15_L56,135.06
158,Role15_L78,67.53
159,Role13_L12,112.55000000000001
159,Role13_L34,202.59000000000003
159,Role13_L56,90.04
159,Role13_L78,45.02
159,Role14_L12,140.6875
159,Role14_L34,253.2375
159,Role14_L56,112.55
159,Role14_L78,56.275
159,Role15_L12,168.825
159,Role15_L34,303.885
159,Role15_L56,135.06
159,Role15_L78,67.53
160,Role13_L12,112.55000000000001
160,Role13_L34,202.59000000000003
160,Role13_L56,90.04
160,Role13_L78,45.02
160,Role14_L12,140.6875
160,Role14_L34,253.2375
160,Role14_L56,112.55
160,Role14_L78,56.275
160,Role15_L12,168.825
160,Role15_L34,303.885
160,Role15_L56,135.06
160,Role15_L78,67.53
161,Role13_L12,112.55000000000001
161,Role13_L34,202.59000000000003
161,Role13_L56,90.04
161,Role13_L78,45.02
161,Role14_L12,140.6875
161,Role14_L34,253.2375
161,Role14_L56,112.55
161,Role14_L78,56.275
161,Role15_L12,168.825
161,Role15_L34,303.885
161,Role15_L56,135.06
161,Role15_L78,67.53
162,Role13_L12,112.55000000000001
162,Role13_L34,202.59000000000003
162,Role13_L56,90.04
162,Role13_L78,45.02
162,Role14_L12,140.6875
162,Role14_L34,253.2375
162,Role14_L56,112.55
162,Role14_L78,56.275
162,Role15_L12,168.825
162,Role15_L34,303.885
162,Role15_L56,135.06
162,Role15_L78,67.53
163,Role13_L12,112.55000000000001
163,Role13_L34,202.59000000000003
163,Role13_L56,90.04
163,Role13_L78,45.02
163,Role14_L12,140.6875
163,Role14_L34,253.2375
163,Role14_L56,112.55
163,Role14_L78,56.275
163,Role15_L12,168.825
163,Role15_L34,303.885
163,Role15_L56,135.06
163,Role15_L78,67.53
164,Role13_L12,112.55000000000001
164,Role13_L34,202.59000000000003
164,Role13_L56,90.04
164,Role13_L78,45.02
164,Role14_L12,140.6875
164,Role14_L34,253.2375
164,Role14_L56,112.55
164,Role14_L78,56.275
164,Role15_L12,168.825
164,Role15_L34,303.885
164,Role15_L56,135.06
164,Role15_L78,67.53
165,Role13_L12,112.55000000000001
165,Role13_L34,202.59000000000003
165,Role13_L56,90.04
165,Role13_L78,45.02
165,Role14_L12,140.6875
165,Role14_L34,253.2375
165,Role14_L56,112.55
165,Role14_L78,56.275
165,Role15_L12,168.825
165,Role15_L34,303.885
165,Role15_L56,135.06
165,Role15_L78,67.53
166,Role13_L12,112.55000000000001
166,Role13_L34,202.59000000000003
166,Role13_L56,90.04
166,Role13_L78,45.02
166,Role14_L12,140.6875
166,Role14_L34,253.2375
166,Role14_L56,112.55
166,Role14_L78,56.275
166,Role15_L12,168.825
166,Role15_L34,303.885
166,Role15_L56,135.06
166,Role15_L78,67.53
167,Role13_L12,112.55000000000001
167,Role13_L34,202.59000000000003
167,Role13_L56,90.04
167,Role13_L78,45.02
167,Role14_L12,140.6875
167,Role14_L34,253.2375
167,Role14_L56,112.55
167,Role14_L78,56.275
167,Role15_L12,168.825
167,Role15_L34,303.885
167,Role15_L56,135.06
167,Role15_L78,67.53
168,Role13_L12,112.55000000000001
168,Role13_L34,202.59000000000003
168,Role13_L56,90.04
168,Role13_L78,45.02
168,Role14_L12,140.6875
168,Role14_L34,253.2375
168,Role14_L56,112.55
168,Role14_L78,56.275
168,Role15_L12,168.825
168,Role15_L34,303.885
168,Role15_L56,135.06
168,Role15_L78,67.53
169,Role13_L12,112.55000000000001
169,Role13_L34,202.59000000000003
169,Role13_L56,90.04
169,Role13_L78,45.02
169,Role14_L12,140.6875
169,Role14_L34,253.2375
169,Role14_L56,112.55
169,Role14_L78,56.275
169,Role15_L12,168.825
169,Role15_L34,303.885
169,Role15_L56,135.06
169,Role15_L78,67.53
170,Role13_L12,112.55000000000001
170,Role13_L34,202.59000000000003
170,Role13_L56,90.04
170,Role13_L78,45.02
170,Role14_L12,140.6875
170,Role14_L34,253.2375
170,Role14_L56,112.55
170,Role14_L78,56.275
170,Role15_L12,168.825
170,Role15_L34,303.885
170,Role15_L56,135.06
170,Role15_L78,67.53
171,Role13_L12,112.55000000000001
171,Role13_L34,202.59000000000003
171,Role13_L56,90.04
171,Role13_L78,45.02
171,Role14_L12,140.6875
171,Role14_L34,253.2375
171,Role14_L56,112.55
171,Role14_L78,56.275
171,Role15_L12,168.825
171,Role15_L34,303.885
171,Role15_L56,135.06
171,Role15_L78,67.53
172,Role13_L12,112.55000000000001
172,Role13_L34,202.59000000000003
172,Role13_L56,90.04
172,Role13_L78,45.02
172,Role14_L12,140.6875
172,Role14_L34,253.2375
172,Role14_L56,112.55
172,Role14_L78,56.275
172,Role15_L12,168.825
172,Role15_L34,303.885
172,Role15_L56,135.06
172,Role15_L78,67.53
173,Role13_L12,112.55000000000001
173,Role13_L34,202.59000000000003
173,Role13_L56,90.04
173,Role13_L78,45.02
173,Role14_L12,140.6875
173,Role14_L34,253.2375
173,Role14_L56,112.55
173,Role14_L78,56.275
173,Role15_L12,168.825
173,Role15_L34,303.885
173,Role15_L56,135.06
173,Role15_L78,67.53
174,Role13_L12,112.55000000000001
174,Role13_L34,202.59000000000003
174,Role13_L56,90.04
174,Role13_L78,45.02
174,Role14_L12,140.6875
174,Role14_L34,253.2375
174,Role14_L56,112.55
174,Role14_L78,56.275
174,Role15_L12,168.825
174,Role15_L34,303.885
174,Role15_L56,135.06
174,Role15_L78,67.53
175,Role13_L12,112.55000000000001
175,Role13_L34,202.59000000000003
175,Role13_L56,90.04
175,Role13_L78,45.02
175,Role14_L12,140.6875
175,Role14_L34,253.2375
175,Role14_L56,112.55
175,Role14_L78,56.275
175,Role15_L12,168.825
175,Role15_L34,303.885
175,Role15_L56,135.06
175,Role15_L78,67.53
176,Role13_L12,112.55000000000001
176,Role13_L34,202.59000000000003
176,Role13_L56,90.04
176,Role13_L78,45.02
176,Role14_L12,140.6875
176,Role14_L34,253.2375
176,Role14_L56,112.55
176,Role14_L78,56.275
176,Role15_L12,168.825
176,Role15_L34,303.885
176,Role15_L56,135.06
176,Role15_L78,67.53
177,Role13_L12,112.55000000000001
177,Role13_L34,202.59000000000003
177,Role13_L56,90.04
177,Role13_L78,45.02
177,Role14_L12,140.6875
177,Role14_L34,253.2375
177,Role14_L56,112.55
177,Role14_L78,56.275
177,Role15_L12,168.825
177,Role15_L34,303.885
177,Role15_L56,135.06
177,Role15_L78,67.53
178,Role13_L12,112.55000000000001
178,Role13_L34,202.59000000000003
178,Role13_L56,90.04
178,Role13_L78,45.02
178,Role14_L12,140.6875
178,Role14_L34,253.2375
178,Role14_L56,112.55
178,Role14_L78,56.275
178,Role15_L12,168.825
178,Role15_L34,303.885
178,Role15_L56,135.06
178,Role15_L78,67.53
179,Role13_L12,112.55000000000001
179,Role13_L34,202.59000000000003
179,Role13_L56,90.04
179,Role13_L78,45.02
179,Role14_L12,140.6875
179,Role14_L34,253.2375
179,Role14_L56,112.55
179,Role14_L78,56.275
179,Role15_L12,168.825
179,Role15_L34,303.885
179,Role15_L56,135.06
179,Role15_L78,67.53
180,Role13_L12,112.55000000000001
180,Role13_L34,202.59000000000003
180,Role13_L56,90.04
180,Role13_L78,45.02
180,Role14_L12,140.6875
180,Role14_L34,253.2375
180,Role14_L56,112.55
180,Role14_L78,56.275
180,Role15_L12,168.825
180,Role15_L34,303.885
180,Role15_L56,135.06
180,Role15_L78,67.53
181,Role13_L12,112.55000000000001
181,Role13_L34,202.59000000000003
181,Role13_L56,90.04
181,Role13_L78,45.02
181,Role14_L12,140.6875
181,Role14_L34,253.2375
181,Role14_L56,112.55
181,Role14_L78,56.275
181,Role15_L12,168.825
181,Role15_L34,303.885
181,Role15_L56,135.06
181,Role15_L78,67.53
182,Role13_L12,112.55000000000001
182,Role13_L34,202.59000000000003
182,Role13_L56,90.04
182,Role13_L78,45.02
182,Role14_L12,140.6875
182,Role14_L34,253.2375
182,Role14_L56,112.55
182,Role14_L78,56.275
182,Role15_L12,168.825
182,Role15_L34,303.885
182,Role15_L56,135.06
182,Role15_L78,67.53
183,Role13_L12,112.55000000000001
183,Role13_L34,202.59000000000003
183,Role13_L56,90.04
183,Role13_L78,45.02
183,Role14_L12,140.6875
183,Role14_L34,253.2375
183,Role14_L56,112.55
183,Role14_L78,56.275
183,Role15_L12,168.825
183,Role15_L34,303.885
183,Role15_L56,135.06
183,Role15_L78,67.53
184,Role13_L12,112.55000000000001
184,Role13_L34,202.59000000000003
184,Role13_L56,90.04
184,Role13_L78,45.02
184,Role14_L12,140.6875
184,Role14_L34,253.2375
184,Role14_L56,112.55
184,Role14_L78,56.275
184,Role15_L12,168.825
184,Role15_L34,303.885
184,Role15_L56,135.06
184,Role15_L78,67.53
185,Role13_L12,112.55000000000001
185,Role13_L34,202.59000000000003
185,Role13_L56,90.04
185,Role13_L78,45.02
185,Role14_L12,140.6875
185,Role14_L34,253.2375
185,Role14_L56,112.55
185,Role14_L78,56.275
185,Role15_L12,168.825
185,Role15_L34,303.885
185,Role15_L56,135.06
185,Role15_L78,67.53
186,Role13_L12,112.55000000000001
186,Role13_L34,202.59000000000003
186,Role13_L56,90.04
186,Role13_L78,45.02
186,Role14_L12,140.6875
186,Role14_L34,253.2375
186,Role14_L56,112.55
186,Role14_L78,56.275
186,Role15_L12,168.825
186,Role15_L34,303.885
186,Role15_L56,135.06
186,Role15_L78,67.53
187,Role13_L12,112.55000000000001
187,Role13_L34,202.59000000000003
187,Role13_L56,90.04
187,Role13_L78,45.02
187,Role14_L12,140.6875
187,Role14_L34,253.2375
187,Role14_L56,112.55
187,Role14_L78,56.275
187,Role15_L12,168.825
187,Role15_L34,303.885
187,Role15_L56,135.06
187,Role15_L78,67.53
188,Role13_L12,112.55000000000001
188,Role13_L34,202.59000000000003
188,Role13_L56,90.04
188,Role13_L78,45.02
188,Role14_L12,140.6875
188,Role14_L34,253.2375
188,Role14_L56,112.55
188,Role14_L78,56.275
188,Role15_L12,168.825
188,Role15_L34,303.885
188,Role15_L56,135.06
188,Role15_L78,67.53
189,Role13_L12,112.55000000000001
189,Role13_L34,202.59000000000003
189,Role13_L56,90.04
189,Role13_L78,45.02
189,Role14_L12,140.6875
189,Role14_L34,253.2375
189,Role14_L56,112.55
189,Role14_L78,56.275
189,Role15_L12,168.825
189,Role15_L34,303.885
189,Role15_L56,135.06
189,Role15_L78,67.53
190,Role13_L12,112.55000000000001
190,Role13_L34,202.59000000000003
190,Role13_L56,90.04
190,Role13_L78,45.02
190,Role14_L12,140.6875
190,Role14_L34,253.2375
190,Role14_L56,112.55
190,Role14_L78,56.275
190,Role15_L12,168.825
190,Role15_L34,303.885
190,Role15_L56,135.06
190,Role15_L78,67.53
191,Role13_L12,112.55000000000001
191,Role13_L34,202.59000000000003
191,Role13_L56,90.04
191,Role13_L78,45.02
191,Role14_L12,140.6875
191,Role14_L34,253.2375
191,Role14_L56,112.55
191,Role14_L78,56.275
191,Role15_L12,168.825
191,Role15_L34,303.885
191,Role15_L56,135.06
191,Role15_L78,67.53
192,Role13_L12,112.55000000000001
192,Role13_L34,202.59000000000003
192,Role13_L56,90.04
192,Role13_L78,45.02
192,Role14_L12,140.6875
192,Role14_L34,253.2375
192,Role14_L56,112.55
192,Role14_L78,56.275
192,Role15_L12,168.825
192,Role15_L34,303.885
192,Role15_L56,135.06
192,Role15_L78,67.53
193,Role13_L12,112.55000000000001
193,Role13_L34,202.59000000000003
193,Role13_L56,90.04
193,Role13_L78,45.02
193,Role14_L12,140.6875
193,Role14_L34,253.2375
193,Role14_L56,112.55
193,Role14_L78,56.275
193,Role15_L12,168.825
193,Role15_L34,303.885
193,Role15_L56,135.06
193,Role15_L78,67.53
194,Role13_L12,112.55000000000001
194,Role13_L34,202.59000000000003
194,Role13_L56,90.04
194,Role13_L78,45.02
194,Role14_L12,140.6875
194,Role14_L34,253.2375
194,Role14_L56,112.55
194,Role14_L78,56.275
194,Role15_L12,168.825
194,Role15_L34,303.885
194,Role15_L56,135.06
194,Role15_L78,67.53
195,Role13_L12,112.55000000000001
195,Role13_L34,202.59000000000003
195,Role13_L56,90.04
195,Role13_L78,45.02
195,Role14_L12,140.6875
195,Role14_L34,253.2375
195,Role14_L56,112.55
195,Role14_L78,56.275
195,Role15_L12,168.825
195,Role15_L34,303.885
195,Role15_L56,135.06
195,Role15_L78,67.53
196,Role13_L12,112.55000000000001
196,Role13_L34,202.59000000000003
196,Role13_L56,90.04
196,Role13_L78,45.02
196,Role14_L12,140.6875
196,Role14_L34,253.2375
196,Role14_L56,112.55
196,Role14_L78,56.275
196,Role15_L12,168.825
196,Role15_L34,303.885
196,Role15_L56,135.06
196,Role15_L78,67.53
197,Role13_L12,112.55000000000001
197,Role13_L34,202.59000000000003
197,Role13_L56,90.04
197,Role13_L78,45.02
197,Role14_L12,140.6875
197,Role14_L34,253.2375
197,Role14_L56,112.55
197,Role14_L78,56.275
197,Role15_L12,168.825
197,Role15_L34,303.885
197,Role15_L56,135.06
197,Role15_L78,67.53
198,Role13_L12,112.55000000000001
198,Role13_L34,202.59000000000003
198,Role13_L56,90.04
198,Role13_L78,45.02
198,Role14_L12,140.6875
198,Role14_L34,253.2375
198,Role14_L56,112.55
198,Role14_L78,56.275
198,Role15_L12,168.825
198,Role15_L34,303.885
198,Role15_L56,135.06
198,Role15_L78,67.53
199,Role13_L12,112.55000000000001
199,Role13_L34,202.59000000000003
199,Role13_L56,90.04
199,Role13_L78,45.02
199,Role14_L12,140.6875
199,Role14_L34,253.2375
199,Role14_L56,112.55
199,Role14_L78,56.275
199,Role15_L12,168.825
199,Role15_L34,303.885
199,Role15_L56,135.06
199,Role15_L78,67.53
200,Role13_L12,112.55000000000001
200,Role13_L34,202.59000000000003
200,Role13_L56,90.04
200,Role13_L78,45.02
200,Role14_L12,140.6875
200,Role14_L34,253.2375
200,Role14_L56,112.55
200,Role14_L78,56.275
200,Role15_L12,168.825
200,Role15_L34,303.885
200,Role15_L56,135.06
200,Role15_L78,67.53
201,Role13_L12,112.55000000000001
201,Role13_L34,202.59000000000003
201,Role13_L56,90.04
201,Role13_L78,45.02
201,Role14_L12,140.6875
201,Role14_L34,253.2375
201,Role14_L56,112.55
201,Role14_L78,56.275
201,Role15_L12,168.825
201,Role15_L34,303.885
201,Role15_L56,135.06
201,Role15_L78,67.53
202,Role13_L12,112.55000000000001
202,Role13_L34,202.59000000000003
202,Role13_L56,90.04
202,Role13_L78,45.02
202,Role14_L12,140.6875
202,Role14_L34,253.2375
202,Role14_L56,112.55
202,Role14_L78,56.275
202,Role15_L12,168.825
202,Role15_L34,303.885
202,Role15_L56,135.06
202,Role15_L78,67.53
203,Role13_L12,112.55000000000001
203,Role13_L34,202.59000000000003
203,Role13_L56,90.04
203,Role13_L78,45.02
203,Role14_L12,140.6875
203,Role14_L34,253.2375
203,Role14_L56,112.55
203,Role14_L78,56.275
203,Role15_L12,168.825
203,Role15_L34,303.885
203,Role15_L56,135.06
203,Role15_L78,67.53
204,Role13_L12,112.55000000000001
204,Role13_L34,202.59000000000003
204,Role13_L56,90.04
204,Role13_L78,45.02
204,Role14_L12,140.6875
204,Role14_L34,253.2375
204,Role14_L56,112.55
204,Role14_L78,56.275
204,Role15_L12,168.825
204,Role15_L34,303.885
204,Role15_L56,135.06
204,Role15_L78,67.53
205,Role13_L12,112.55000000000001
205,Role13_L34,202.59000000000003
205,Role13_L56,90.04
205,Role13_L78,45.02
205,Role14_L12,140.6875
205,Role14_L34,253.2375
205,Role14_L56,112.55
205,Role14_L78,56.275
205,Role15_L12,168.825
205,Role15_L34,303.885
205,Role15_L56,135.06
205,Role15_L78,67.53
206,Role13_L12,112.55000000000001
206,Role13_L34,202.59000000000003
206,Role13_L56,90.04
206,Role13_L78,45.02
206,Role14_L12,140.6875
206,Role14_L34,253.2375
206,Role14_L56,112.55
206,Role14_L78,56.275
206,Role15_L12,168.825
206,Role15_L34,303.885
206,Role15_L56,135.06
206,Role15_L78,67.53
207,Role13_L12,112.55000000000001
207,Role13_L34,202.59000000000003
207,Role13_L56,90.04
207,Role13_L78,45.02
207,Role14_L12,140.6875
207,Role14_L34,253.2375
207,Role14_L56,112.55
207,Role14_L78,56.275
207,Role15_L12,168.825
207,Role15_L34,303.885
207,Role15_L56,135.06
207,Role15_L78,67.53
208,Role13_L12,112.55000000000001
208,Role13_L34,202.59000000000003
208,Role13_L56,90.04
208,Role13_L78,45.02
208,Role14_L12,140.6875
208,Role14_L34,253.2375
208,Role14_L56,112.55
208,Role14_L78,56.275
208,Role15_L12,168.825
208,Role15_L34,303.885
208,Role15_L56,135.06
208,Role15_L78,67.53
209,Role13_L12,112.55000000000001
209,Role13_L34,202.59000000000003
209,Role13_L56,90.04
209,Role13_L78,45.02
209,Role14_L12,140.6875
209,Role14_L34,253.2375
209,Role14_L56,112.55
209,Role14_L78,56.275
209,Role15_L12,168.825
209,Role15_L34,303.885
209,Role15_L56,135.06
209,Role15_L78,67.53
210,Role13_L12,112.55000000000001
210,Role13_L34,202.59000000000003
210,Role13_L56,90.04
210,Role13_L78,45.02
210,Role14_L12,140.6875
210,Role14_L34,253.2375
210,Role14_L56,112.55
210,Role14_L78,56.275
210,Role15_L12,168.825
210,Role15_L34,303.885
210,Role15_L56,135.06
210,Role15_L78,67.53
211,Role13_L12,112.55000000000001
211,Role13_L34,202.59000000000003
211,Role13_L56,90.04
211,Role13_L78,45.02
211,Role14_L12,140.6875
211,Role14_L34,253.2375
211,Role14_L56,112.55
211,Role14_L78,56.275
211,Role15_L12,168.825
211,Role15_L34,303.885
211,Role15_L56,135.06
211,Role15_L78,67.53
212,Role13_L12,112.55000000000001
212,Role13_L34,202.59000000000003
212,Role13_L56,90.04
212,Role13_L78,45.02
212,Role14_L12,140.6875
212,Role14_L34,253.2375
212,Role14_L56,112.55
212,Role14_L78,56.275
212,Role15_L12,168.825
212,Role15_L34,303.885
212,Role15_L56,135.06
212,Role15_L78,67.53
213,Role13_L12,112.55000000000001
213,Role13_L34,202.59000000000003
213,Role13_L56,90.04
213,Role13_L78,45.02
213,Role14_L12,140.6875
213,Role14_L34,253.2375
213,Role14_L56,112.55
213,Role14_L78,56.275
213,Role15_L12,168.825
213,Role15_L34,303.885
213,Role15_L56,135.06
213,Role15_L78,67.53
214,Role13_L12,112.55000000000001
214,Role13_L34,202.59000000000003
214,Role13_L56,90.04
214,Role13_L78,45.02
214,Role14_L12,140.6875
214,Role14_L34,253.2375
214,Role14_L56,112.55
214,Role14_L78,56.275
214,Role15_L12,168.825
214,Role15_L34,303.885
214,Role15_L56,135.06
214,Role15_L78,67.53
215,Role13_L12,112.55000000000001
215,Role13_L34,202.59000000000003
215,Role13_L56,90.04
215,Role13_L78,45.02
215,Role14_L12,140.6875
215,Role14_L34,253.2375
215,Role14_L56,112.55
215,Role14_L78,56.275
215,Role15_L12,168.825
215,Role15_L34,303.885
215,Role15_L56,135.06
215,Role15_L78,67.53
216,Role13_L12,112.55000000000001
216,Role13_L34,202.59000000000003
216,Role13_L56,90.04
216,Role13_L78,45.02
216,Role14_L12,140.6875
216,Role14_L34,253.2375
216,Role14_L56,112.55
216,Role14_L78,56.275
216,Role15_L12,168.825
216,Role15_L34,303.885
216,Role15_L56,135.06
216,Role15_L78,67.53
217,Role13_L12,112.55000000000001
217,Role13_L34,202.59000000000003
217,Role13_L56,90.04
217,Role13_L78,45.02
217,Role14_L12,140.6875
217,Role14_L34,253.2375
217,Role14_L56,112.55
217,Role14_L78,56.275
217,Role15_L12,168.825
217,Role15_L34,303.885
217,Role15_L56,135.06
217,Role15_L78,67.53
218,Role13_L12,112.55000000000001
218,Role13_L34,202.59000000000003
218,Role13_L56,90.04
218,Role13_L78,45.02
218,Role14_L12,140.6875
218,Role14_L34,253.2375
218,Role14_L56,112.55
218,Role14_L78,56.275
218,Role15_L12,168.825
218,Role15_L34,303.885
218,Role15_L56,135.06
218,Role15_L78,67.53
219,Role13_L12,112.55000000000001
219,Role13_L34,202.59000000000003
219,Role13_L56,90.04
219,Role13_L78,45.02
219,Role14_L12,140.6875
219,Role14_L34,253.2375
219,Role14_L56,112.55
219,Role14_L78,56.275
219,Role15_L12,168.825
219,Role15_L34,303.885
219,Role15_L56,135.06
219,Role15_L78,67.53
220,Role13_L12,112.55000000000001
220,Role13_L34,202.59000000000003
220,Role13_L56,90.04
220,Role13_L78,45.02
220,Role14_L12,140.6875
220,Role14_L34,253.2375
220,Role14_L56,112.55
220,Role14_L78,56.275
220,Role15_L12,168.825
220,Role15_L34,303.885
220,Role15_L56,135.06
220,Role15_L78,67.53
221,Role13_L12,112.55000000000001
221,Role13_L34,202.59000000000003
221,Role13_L56,90.04
221,Role13_L78,45.02
221,Role14_L12,140.6875
221,Role14_L34,253.2375
221,Role14_L56,112.55
221,Role14_L78,56.275
221,Role15_L12,168.825
221,Role15_L34,303.885
221,Role15_L56,135.06
221,Role15_L78,67.53
222,Role13_L12,112.55000000000001
222,Role13_L34,202.59000000000003
222,Role13_L56,90.04
222,Role13_L78,45.02
222,Role14_L12,140.6875
222,Role14_L34,253.2375
222,Role14_L56,112.55
222,Role14_L78,56.275
222,Role15_L12,168.825
222,Role15_L34,303.885
222,Role15_L56,135.06
222,Role15_L78,67.53
223,Role13_L12,112.55000000000001
223,Role13_L34,202.59000000000003
223,Role13_L56,90.04
223,Role13_L78,45.02
223,Role14_L12,140.6875
223,Role14_L34,253.2375
223,Role14_L56,112.55
223,Role14_L78,56.275
223,Role15_L12,168.825
223,Role15_L34,303.885
223,Role15_L56,135.06
223,Role15_L78,67.53
224,Role13_L12,112.55000000000001
224,Role13_L34,202.59000000000003
224,Role13_L56,90.04
224,Role13_L78,45.02
224,Role14_L12,140.6875
224,Role14_L34,253.2375
224,Role14_L56,112.55
224,Role14_L78,56.275
224,Role15_L12,168.825
224,Role15_L34,303.885
224,Role15_L56,135.06
224,Role15_L78,67.53
225,Role13_L12,112.55000000000001
225,Role13_L34,202.59000000000003
225,Role13_L56,90.04
225,Role13_L78,45.02
225,Role14_L12,140.6875
225,Role14_L34,253.2375
225,Role14_L56,112.55
225,Role14_L78,56.275
225,Role15_L12,168.825
225,Role15_L34,303.885
225,Role15_L56,135.06
225,Role15_L78,67.53
226,Role13_L12,112.55000000000001
226,Role13_L34,202.59000000000003
226,Role13_L56,90.04
226,Role13_L78,45.02
226,Role14_L12,140.6875
226,Role14_L34,253.2375
226,Role14_L56,112.55
226,Role14_L78,56.275
226,Role15_L12,168.825
226,Role15_L34,303.885
226,Role15_L56,135.06
226,Role15_L78,67.53
227,Role13_L12,112.55000000000001
227,Role13_L34,202.59000000000003
227,Role13_L56,90.04
227,Role13_L78,45.02
227,Role14_L12,140.6875
227,Role14_L34,253.2375
227,Role14_L56,112.55
227,Role14_L78,56.275
227,Role15_L12,168.825
227,Role15_L34,303.885
227,Role15_L56,135.06
227,Role15_L78,67.53
228,Role13_L12,112.55000000000001
228,Role13_L34,202.59000000000003
228,Role13_L56,90.04
228,Role13_L78,45.02
228,Role14_L12,140.6875
228,Role14_L34,253.2375
228,Role14_L56,112.55
228,Role14_L78,56.275
228,Role15_L12,168.825
228,Role15_L34,303.885
228,Role15_L56,135.06
228,Role15_L78,67.53
229,Role13_L12,112.55000000000001
229,Role13_L34,202.59000000000003
229,Role13_L56,90.04
229,Role13_L78,45.02
229,Role14_L12,140.6875
229,Role14_L34,253.2375
229,Role14_L56,112.55
229,Role14_L78,56.275
229,Role15_L12,168.825
229,Role15_L34,303.885
229,Role15_L56,135.06
229,Role15_L78,67.53
230,Role13_L12,112.55000000000001
230,Role13_L34,202.59000000000003
230,Role13_L56,90.04
230,Role13_L78,45.02
230,Role14_L12,140.6875
230,Role14_L34,253.2375
230,Role14_L56,112.55
230,Role14_L78,56.275
230,Role15_L12,168.825
230,Role15_L34,303.885
230,Role15_L56,135.06
230,Role15_L78,67.53
231,Role13_L12,112.55000000000001
231,Role13_L34,202.59000000000003
231,Role13_L56,90.04
231,Role13_L78,45.02
231,Role14_L12,140.6875
231,Role14_L34,253.2375
231,Role14_L56,112.55
231,Role14_L78,56.275
231,Role15_L12,168.825
231,Role15_L34,303.885
231,Role15_L56,135.06
231,Role15_L78,67.53
232,Role13_L12,112.55000000000001
232,Role13_L34,202.59000000000003
232,Role13_L56,90.04
232,Role13_L78,45.02
232,Role14_L12,140.6875
232,Role14_L34,253.2375
232,Role14_L56,112.55
232,Role14_L78,56.275
232,Role15_L12,168.825
232,Role15_L34,303.885
232,Role15_L56,135.06
232,Role15_L78,67.53
233,Role13_L12,112.55000000000001
233,Role13_L34,202.59000000000003
233,Role13_L56,90.04
233,Role13_L78,45.02
233,Role14_L12,140.6875
233,Role14_L34,253.2375
233,Role14_L56,112.55
233,Role14_L78,56.275
233,Role15_L12,168.825
233,Role15_L34,303.885
233,Role15_L56,135.06
233,Role15_L78,67.53
234,Role13_L12,112.55000000000001
234,Role13_L34,202.59000000000003
234,Role13_L56,90.04
234,Role13_L78,45.02
234,Role14_L12,140.6875
234,Role14_L34,253.2375
234,Role14_L56,112.55
234,Role14_L78,56.275
234,Role15_L12,168.825
234,Role15_L34,303.885
234,Role15_L56,135.06
234,Role15_L78,67.53
235,Role13_L12,112.55000000000001
235,Role13_L34,202.59000000000003
235,Role13_L56,90.04
235,Role13_L78,45.02
235,Role14_L12,140.6875
235,Role14_L34,253.2375
235,Role14_L56,112.55
235,Role14_L78,56.275
235,Role15_L12,168.825
235,Role15_L34,303.885
235,Role15_L56,135.06
235,Role15_L78,67.53
236,Role13_L12,112.55000000000001
236,Role13_L34,202.59000000000003
236,Role13_L56,90.04
236,Role13_L78,45.02
236,Role14_L12,140.6875
236,Role14_L34,253.2375
236,Role14_L56,112.55
236,Role14_L78,56.275
236,Role15_L12,168.825
236,Role15_L34,303.885
236,Role15_L56,135.06
236,Role15_L78,67.53
237,Role13_L12,112.55000000000001
237,Role13_L34,202.59000000000003
237,Role13_L56,90.04
237,Role13_L78,45.02
237,Role14_L12,140.6875
237,Role14_L34,253.2375
237,Role14_L56,112.55
237,Role14_L78,56.275
237,Role15_L12,168.825
237,Role15_L34,303.885
237,Role15_L56,135.06
237,Role15_L78,67.53
238,Role13_L12,112.55000000000001
238,Role13_L34,202.59000000000003
238,Role13_L56,90.04
238,Role13_L78,45.02
238,Role14_L12,140.6875
238,Role14_L34,253.2375
238,Role14_L56,112.55
238,Role14_L78,56.275
238,Role15_L12,168.825
238,Role15_L34,303.885
238,Role15_L56,135.06
238,Role15_L78,67.53
239,Role13_L12,112.55000000000001
239,Role13_L34,202.59000000000003
239,Role13_L56,90.04
239,Role13_L78,45.02
239,Role14_L12,140.6875
239,Role14_L34,253.2375
239,Role14_L56,112.55
239,Role14_L78,56.275
239,Role15_L12,168.825
239,Role15_L34,303.885
239,Role15_L56,135.06
239,Role15_L78,67.53
240,Role13_L12,112.55000000000001
240,Role13_L34,202.59000000000003
240,Role13_L56,90.04
240,Role13_L78,45.02
240,Role14_L12,140.6875
240,Role14_L34,253.2375
240,Role14_L56,112.55
240,Role14_L78,56.275
240,Role15_L12,168.825
240,Role15_L34,303.885
240,Role15_L56,135.06
240,Role15_L78,67.53
